1	tests/uf100-430/uf100-0734.cnf	true	0.020915456	0.021289515003445558	4644864
2	tests/uf100-430/uf100-0892.cnf	true	0.021194177	0.021482419993844815	4669440
3	tests/uf100-430/uf100-0836.cnf	true	0.021416604	0.021754391011199914	4661248
4	tests/uf100-430/uf100-0490.cnf	true	0.02165387	0.02205180200689938	4710400
5	tests/uf100-430/uf100-0711.cnf	true	0.021782466	0.022053177992347628	4730880
6	tests/uf100-430/uf100-0400.cnf	true	0.021855511	0.0221560159989167	4734976
7	tests/uf100-430/uf100-0657.cnf	true	0.02190388	0.022346043988363817	4726784
8	tests/uf100-430/uf100-0932.cnf	true	0.021988024	0.02229382999939844	4710400
9	tests/uf100-430/uf100-0164.cnf	true	0.022064659	0.022388201003195718	4653056
10	tests/uf100-430/uf100-0738.cnf	true	0.022152848	0.022396802000002936	4710400
11	tests/uf100-430/uf100-0883.cnf	true	0.022164841	0.022677973989630118	4726784
12	tests/uf100-430/uf100-0508.cnf	true	0.02217198	0.022560855009942316	4681728
13	tests/uf100-430/uf100-0540.cnf	true	0.022198352	0.022443421999923885	4706304
14	tests/uf100-430/uf100-0863.cnf	true	0.02220274	0.022590567998122424	4710400
15	tests/uf100-430/uf100-0197.cnf	true	0.022233238	0.02257858100347221	4706304
16	tests/uf100-430/uf100-0593.cnf	true	0.022345962	0.022633637010585517	4653056
17	tests/uf100-430/uf100-0163.cnf	true	0.02249043	0.02300084700982552	4640768
18	tests/uf100-430/uf100-0434.cnf	true	0.022533154	0.02281350600242149	4710400
19	tests/uf100-430/uf100-0675.cnf	true	0.022535691	0.022860024007968605	4706304
20	tests/uf100-430/uf100-0215.cnf	true	0.022614608	0.0229860550025478	4710400
21	tests/uf100-430/uf100-0817.cnf	true	0.02283109	0.023082369996700436	4734976
22	tests/uf100-430/uf100-0848.cnf	true	0.022852244	0.023182126009487547	4706304
23	tests/uf100-430/uf100-0506.cnf	true	0.02286103	0.023170621003373526	4669440
24	tests/uf100-430/uf100-0606.cnf	true	0.023062328	0.023325804999331012	4710400
25	tests/uf100-430/uf100-0936.cnf	true	0.023094169	0.023504411001340486	4673536
26	tests/uf100-430/uf100-071.cnf	true	0.023136559	0.023461175995180383	4710400
27	tests/uf100-430/uf100-0520.cnf	true	0.023239551	0.02367325000523124	4710400
28	tests/uf100-430/uf100-0686.cnf	true	0.02329391	0.023704564009676687	4706304
29	tests/uf100-430/uf100-0315.cnf	true	0.023407636	0.02384936400630977	4694016
30	tests/uf100-430/uf100-0820.cnf	true	0.02351813	0.023742148012388498	4706304
31	tests/uf100-430/uf100-0116.cnf	true	0.023678642	0.02417607700044755	4722688
32	tests/uf100-430/uf100-0737.cnf	true	0.023720353	0.0253330069972435	4632576
33	tests/uf100-430/uf100-0778.cnf	true	0.023795063	0.02412672300124541	4653056
34	tests/uf100-430/uf100-0858.cnf	true	0.023817558	0.024154020007699728	4677632
35	tests/uf100-430/uf100-0143.cnf	true	0.023847176	0.024181808999856003	4714496
36	tests/uf100-430/uf100-0651.cnf	true	0.024011199	0.024447121992125176	4706304
37	tests/uf100-430/uf100-0212.cnf	true	0.024146177	0.024525379994884133	4653056
38	tests/uf100-430/uf100-0410.cnf	true	0.024218172	0.024651672996697016	4661248
39	tests/uf100-430/uf100-0319.cnf	true	0.024254459	0.02468744599900674	4710400
40	tests/uf100-430/uf100-0630.cnf	true	0.024491153	0.024734696999075823	4710400
41	tests/uf100-430/uf100-0803.cnf	true	0.024569527	0.024826230001053773	4710400
42	tests/uf100-430/uf100-0700.cnf	true	0.024788054	0.02516026199737098	4726784
43	tests/uf100-430/uf100-0748.cnf	true	0.024860922	0.025296694002463482	4698112
44	tests/uf100-430/uf100-0303.cnf	true	0.024871799	0.02514138499100227	4653056
45	tests/uf100-430/uf100-0287.cnf	true	0.025011814	0.02526890201261267	4702208
46	tests/uf100-430/uf100-0849.cnf	true	0.025119513	0.026287737011443824	4706304
47	tests/uf100-430/uf100-0693.cnf	true	0.025157684	0.02556414900755044	4644864
48	tests/uf100-430/uf100-028.cnf	true	0.02519509	0.025533569991239347	4726784
49	tests/uf100-430/uf100-0107.cnf	true	0.025249102	0.025478566996753216	4616192
50	tests/uf100-430/uf100-0952.cnf	true	0.025284161	0.025694971001939848	4653056
51	tests/uf100-430/uf100-0898.cnf	true	0.025367867	0.026126365002710372	4706304
52	tests/uf100-430/uf100-0633.cnf	true	0.025624944	0.026039967007818632	4710400
53	tests/uf100-430/uf100-0484.cnf	true	0.025649875	0.02619610801048111	4673536
54	tests/uf100-430/uf100-0134.cnf	true	0.025793816	0.026162673995713703	4661248
55	tests/uf100-430/uf100-0487.cnf	true	0.025916432	0.02615395600150805	4706304
56	tests/uf100-430/uf100-0793.cnf	true	0.025980273	0.026237601996399462	4710400
57	tests/uf100-430/uf100-0800.cnf	true	0.026082696	0.028689914994174615	4648960
58	tests/uf100-430/uf100-0177.cnf	true	0.026083308	0.026430783997057006	4681728
59	tests/uf100-430/uf100-0873.cnf	true	0.026104386	0.02648915399913676	4743168
60	tests/uf100-430/uf100-0970.cnf	true	0.026109417	0.026898105003056116	4685824
61	tests/uf100-430/uf100-0616.cnf	true	0.026149332	0.02642720000585541	4710400
62	tests/uf100-430/uf100-0913.cnf	true	0.026208399	0.026547368004685268	4685824
63	tests/uf100-430/uf100-0211.cnf	true	0.026412409	0.026773448000312783	4714496
64	tests/uf100-430/uf100-0286.cnf	true	0.026463583	0.02697606399306096	4661248
65	tests/uf100-430/uf100-0802.cnf	true	0.02646873	0.026886824998655356	4681728
66	tests/uf100-430/uf100-0450.cnf	true	0.02654026	0.026850116992136464	4718592
67	tests/uf100-430/uf100-0167.cnf	true	0.026543287	0.02688405499793589	4661248
68	tests/uf100-430/uf100-0730.cnf	true	0.026596917	0.02703029000258539	4710400
69	tests/uf100-430/uf100-0491.cnf	true	0.026597378	0.02738217900332529	4710400
70	tests/uf100-430/uf100-0598.cnf	true	0.026689285	0.026998168003046885	4710400
71	tests/uf100-430/uf100-0502.cnf	true	0.026717094	0.02705989200330805	4657152
72	tests/uf100-430/uf100-0304.cnf	true	0.026844165	0.02709025499643758	4710400
73	tests/uf100-430/uf100-0735.cnf	true	0.027020897	0.027298794011585414	4648960
74	tests/uf100-430/uf100-0486.cnf	true	0.027043285	0.02732281800126657	4685824
75	tests/uf100-430/uf100-0447.cnf	true	0.027061198	0.027827525002066977	4730880
76	tests/uf100-430/uf100-095.cnf	true	0.027076736	0.027667692003888078	4681728
77	tests/uf100-430/uf100-0948.cnf	true	0.027109746	0.027404034990468062	4706304
78	tests/uf100-430/uf100-0847.cnf	true	0.027202808	0.027694033007719554	4677632
79	tests/uf100-430/uf100-0494.cnf	true	0.027265951	0.02757195600133855	4710400
80	tests/uf100-430/uf100-0365.cnf	true	0.027389863	0.028471137993619777	4673536
81	tests/uf100-430/uf100-0722.cnf	true	0.027413364	0.028077249007765204	4665344
82	tests/uf100-430/uf100-0680.cnf	true	0.02741524	0.027721054997527972	4644864
83	tests/uf100-430/uf100-0610.cnf	true	0.027514541	0.028097315997001715	4640768
84	tests/uf100-430/uf100-0168.cnf	true	0.027773726	0.028163896000478417	4673536
85	tests/uf100-430/uf100-0819.cnf	true	0.027803651	0.028042224003002048	4710400
86	tests/uf100-430/uf100-0594.cnf	true	0.027826126	0.02819036399887409	4706304
87	tests/uf100-430/uf100-0204.cnf	true	0.027854319	0.028144265001174062	4685824
88	tests/uf100-430/uf100-0753.cnf	true	0.02796876	0.028406401004758663	4726784
89	tests/uf100-430/uf100-0947.cnf	true	0.027994552	0.02878368500387296	4681728
90	tests/uf100-430/uf100-0811.cnf	true	0.028006097	0.02903706399956718	4685824
91	tests/uf100-430/uf100-0682.cnf	true	0.028074336	0.028331066001555882	4706304
92	tests/uf100-430/uf100-0119.cnf	true	0.028097631	0.028489645992522128	4669440
93	tests/uf100-430/uf100-0250.cnf	true	0.028148533	0.028492777011706494	4706304
94	tests/uf100-430/uf100-0779.cnf	true	0.028160731	0.028475879997131415	4636672
95	tests/uf100-430/uf100-0708.cnf	true	0.028161104	0.028496932005509734	4714496
96	tests/uf100-430/uf100-0439.cnf	true	0.028240851	0.028558046993566677	4653056
97	tests/uf100-430/uf100-0993.cnf	true	0.028258362	0.02855129400268197	4644864
98	tests/uf100-430/uf100-0498.cnf	true	0.028274739	0.028534967001178302	4714496
99	tests/uf100-430/uf100-0251.cnf	true	0.028373006	0.0292426320083905	4722688
100	tests/uf100-430/uf100-0790.cnf	true	0.02838064	0.028646357997786254	4677632
101	tests/uf100-430/uf100-0553.cnf	true	0.02850345	0.028949788989848457	4718592
102	tests/uf100-430/uf100-0356.cnf	true	0.028577782	0.029277327994350344	4648960
103	tests/uf100-430/uf100-0445.cnf	true	0.02868808	0.029854185006115586	4726784
104	tests/uf100-430/uf100-0160.cnf	true	0.02875435	0.029607806995045394	4644864
105	tests/uf100-430/uf100-0147.cnf	true	0.028801044	0.029362935994868167	4706304
106	tests/uf100-430/uf100-0776.cnf	true	0.028822275	0.029202509991591796	4698112
107	tests/uf100-430/uf100-0443.cnf	true	0.029010815	0.029364285990595818	4681728
108	tests/uf100-430/uf100-0842.cnf	true	0.029130891	0.029749289009487256	4718592
109	tests/uf100-430/uf100-0246.cnf	true	0.029173108	0.029437883000355214	4710400
110	tests/uf100-430/uf100-0120.cnf	true	0.029315023	0.02957911300472915	4718592
111	tests/uf100-430/uf100-065.cnf	true	0.029334261	0.03262328098935541	4681728
112	tests/uf100-430/uf100-0791.cnf	true	0.02939879	0.02973528200527653	4653056
113	tests/uf100-430/uf100-0174.cnf	true	0.029514762	0.02991975299664773	4657152
114	tests/uf100-430/uf100-0124.cnf	true	0.029596723	0.030209942007786594	4730880
115	tests/uf100-430/uf100-0986.cnf	true	0.029656096	0.03002635799930431	4628480
116	tests/uf100-430/uf100-0647.cnf	true	0.029703769	0.030149307000101544	4726784
117	tests/uf100-430/uf100-0366.cnf	true	0.029705669	0.029884681993280537	4734976
118	tests/uf100-430/uf100-0154.cnf	true	0.029711907	0.029966796006192453	4657152
119	tests/uf100-430/uf100-0105.cnf	true	0.029774545	0.030034191004233435	4734976
120	tests/uf100-430/uf100-0886.cnf	true	0.029779534	0.030195561004802585	4743168
121	tests/uf100-430/uf100-0589.cnf	true	0.029784291	0.029991350005730055	4706304
122	tests/uf100-430/uf100-0603.cnf	true	0.029856317	0.03013883800304029	4681728
123	tests/uf100-430/uf100-0727.cnf	true	0.029878174	0.0433299300057115	4718592
124	tests/uf100-430/uf100-0645.cnf	true	0.029909263	0.030353787005878985	4636672
125	tests/uf100-430/uf100-0171.cnf	true	0.029969307	0.030266362999100238	4739072
126	tests/uf100-430/uf100-0971.cnf	true	0.030121794	0.030401267009438016	4657152
127	tests/uf100-430/uf100-0943.cnf	true	0.030216233	0.030987064994405955	4673536
128	tests/uf100-430/uf100-0728.cnf	true	0.030290708	0.030586498003685847	4653056
129	tests/uf100-430/uf100-0465.cnf	true	0.030324533	0.031841228003031574	4734976
130	tests/uf100-430/uf100-0238.cnf	true	0.030332298	0.030675182992126793	4673536
131	tests/uf100-430/uf100-0320.cnf	true	0.030366237	0.03089517199259717	4722688
132	tests/uf100-430/uf100-0507.cnf	true	0.030396611	0.030633002999820746	4653056
133	tests/uf100-430/uf100-094.cnf	true	0.030451262	0.030821414999081753	4710400
134	tests/uf100-430/uf100-0245.cnf	true	0.030463365	0.03083115999470465	4706304
135	tests/uf100-430/uf100-040.cnf	true	0.030491851	0.030800916996668093	4640768
136	tests/uf100-430/uf100-0375.cnf	true	0.030498637	0.030849672999465838	4726784
137	tests/uf100-430/uf100-0794.cnf	true	0.03053296	0.031057129002874717	4653056
138	tests/uf100-430/uf100-0853.cnf	true	0.030636719	0.031153185002040118	4722688
139	tests/uf100-430/uf100-0213.cnf	true	0.030668297	0.030897368007572368	4653056
140	tests/uf100-430/uf100-0861.cnf	true	0.030670358	0.031466761996853165	4620288
141	tests/uf100-430/uf100-0364.cnf	true	0.030809258	0.03112680700724013	4710400
142	tests/uf100-430/uf100-0233.cnf	true	0.030912504	0.031295424996642396	4718592
143	tests/uf100-430/uf100-0496.cnf	true	0.030936316	0.03345681499922648	4685824
144	tests/uf100-430/uf100-0902.cnf	true	0.030971782	0.03144712500215974	4714496
145	tests/uf100-430/uf100-0318.cnf	true	0.031011489	0.03138243999273982	4669440
146	tests/uf100-430/uf100-0210.cnf	true	0.031095685	0.03240351100976113	4653056
147	tests/uf100-430/uf100-0560.cnf	true	0.031290066	0.03158244499354623	4694016
148	tests/uf100-430/uf100-0529.cnf	true	0.031466875	0.031908692995784804	4653056
149	tests/uf100-430/uf100-0855.cnf	true	0.031517838	0.03186168600223027	4653056
150	tests/uf100-430/uf100-0527.cnf	true	0.031573956	0.03204615200229455	4726784
151	tests/uf100-430/uf100-085.cnf	true	0.031634601	0.03196387299976777	4726784
152	tests/uf100-430/uf100-0389.cnf	true	0.031640341	0.032010257986257784	4694016
153	tests/uf100-430/uf100-0240.cnf	true	0.03167139	0.03200107598968316	4710400
154	tests/uf100-430/uf100-0358.cnf	true	0.031739002	0.03199366798799019	4710400
155	tests/uf100-430/uf100-0575.cnf	true	0.031817237	0.03206569100439083	4726784
156	tests/uf100-430/uf100-0207.cnf	true	0.031855402	0.03284276700287592	4661248
157	tests/uf100-430/uf100-0876.cnf	true	0.031943428	0.03231459700327832	4698112
158	tests/uf100-430/uf100-0464.cnf	true	0.03196832	0.03230708399496507	4685824
159	tests/uf100-430/uf100-0188.cnf	true	0.031975673	0.03542677500809077	4661248
160	tests/uf100-430/uf100-0549.cnf	true	0.032045994	0.03236089600250125	4710400
161	tests/uf100-430/uf100-0987.cnf	true	0.032169092	0.0324737799965078	4694016
162	tests/uf100-430/uf100-0968.cnf	true	0.032233469	0.03264271099760663	4718592
163	tests/uf100-430/uf100-0642.cnf	true	0.032303032	0.0330155199917499	4657152
164	tests/uf100-430/uf100-019.cnf	true	0.032309948	0.032712083993828855	4689920
165	tests/uf100-430/uf100-0994.cnf	true	0.032315307	0.03265099199779797	4665344
166	tests/uf100-430/uf100-0572.cnf	true	0.032366018	0.0326093750045402	4714496
167	tests/uf100-430/uf100-0152.cnf	true	0.032409148	0.03270349100057501	4669440
168	tests/uf100-430/uf100-0631.cnf	true	0.032445456	0.032820610009366646	4722688
169	tests/uf100-430/uf100-0989.cnf	true	0.032450349	0.032718200993258506	4636672
170	tests/uf100-430/uf100-0957.cnf	true	0.032454791	0.03278315899660811	4726784
171	tests/uf100-430/uf100-053.cnf	true	0.032482097	0.03278281798702665	4710400
172	tests/uf100-430/uf100-0112.cnf	true	0.032528299	0.03285117101040669	4710400
173	tests/uf100-430/uf100-0726.cnf	true	0.032550306	0.03288238299137447	4657152
174	tests/uf100-430/uf100-0694.cnf	true	0.032609288	0.03285280700947624	4722688
175	tests/uf100-430/uf100-010.cnf	true	0.032692267	0.033783031001803465	4706304
176	tests/uf100-430/uf100-0896.cnf	true	0.032719407	0.03304694399412256	4628480
177	tests/uf100-430/uf100-0924.cnf	true	0.032737228	0.0338295260007726	4714496
178	tests/uf100-430/uf100-0945.cnf	true	0.032738315	0.03298171400092542	4710400
179	tests/uf100-430/uf100-0567.cnf	true	0.032797264	0.03326443099649623	4706304
180	tests/uf100-430/uf100-0640.cnf	true	0.032809229	0.03317945600429084	4702208
181	tests/uf100-430/uf100-0872.cnf	true	0.032811305	0.03413258399814367	4706304
182	tests/uf100-430/uf100-0182.cnf	true	0.032950808	0.033339153000270016	4722688
183	tests/uf100-430/uf100-0930.cnf	true	0.032985685	0.03328107100969646	4681728
184	tests/uf100-430/uf100-0667.cnf	true	0.03302726	0.03352618298958987	4722688
185	tests/uf100-430/uf100-0969.cnf	true	0.033081468	0.033529138992889784	4726784
186	tests/uf100-430/uf100-0155.cnf	true	0.0330979	0.03345052798977122	4673536
187	tests/uf100-430/uf100-0521.cnf	true	0.033192649	0.033415515994420275	4648960
188	tests/uf100-430/uf100-0376.cnf	true	0.033282643	0.033517852003569715	4706304
189	tests/uf100-430/uf100-0271.cnf	true	0.033297523	0.033753184994566254	4657152
190	tests/uf100-430/uf100-0223.cnf	true	0.033344597	0.03359920499497093	4702208
191	tests/uf100-430/uf100-0169.cnf	true	0.033367842	0.03375989400956314	4710400
192	tests/uf100-430/uf100-025.cnf	true	0.03343012	0.033688223993522115	4714496
193	tests/uf100-430/uf100-0524.cnf	true	0.033577577	0.03461453701311257	4706304
194	tests/uf100-430/uf100-0739.cnf	true	0.033610815	0.03395294499932788	4710400
195	tests/uf100-430/uf100-0571.cnf	true	0.033700582	0.03465494900592603	4653056
196	tests/uf100-430/uf100-0951.cnf	true	0.033704046	0.03396062100364361	4743168
197	tests/uf100-430/uf100-0131.cnf	true	0.033711646	0.03400949800561648	4722688
198	tests/uf100-430/uf100-0588.cnf	true	0.033774492	0.03430842200759798	4669440
199	tests/uf100-430/uf100-0424.cnf	true	0.033784294	0.03425507499196101	4722688
200	tests/uf100-430/uf100-0743.cnf	true	0.033818007	0.03445630399801303	4694016
201	tests/uf100-430/uf100-0231.cnf	true	0.033868478	0.034161262010456994	4710400
202	tests/uf100-430/uf100-0500.cnf	true	0.033973154	0.034406195001793094	4726784
203	tests/uf100-430/uf100-0577.cnf	true	0.034058149	0.034426534999511205	4636672
204	tests/uf100-430/uf100-0696.cnf	true	0.034065609	0.034366202002274804	4706304
205	tests/uf100-430/uf100-0635.cnf	true	0.034084124	0.034570420990348794	4685824
206	tests/uf100-430/uf100-073.cnf	true	0.034087519	0.034621906001120806	4661248
207	tests/uf100-430/uf100-0562.cnf	true	0.034121372	0.03539324899611529	4669440
208	tests/uf100-430/uf100-0354.cnf	true	0.034123311	0.034422026001266204	4657152
209	tests/uf100-430/uf100-0254.cnf	true	0.034263303	0.03841959100100212	4706304
210	tests/uf100-430/uf100-0289.cnf	true	0.034305179	0.03463232101057656	4718592
211	tests/uf100-430/uf100-0476.cnf	true	0.034370051	0.03468543900817167	4722688
212	tests/uf100-430/uf100-0284.cnf	true	0.034392059	0.03485268499935046	4624384
213	tests/uf100-430/uf100-0953.cnf	true	0.034716955	0.03499318999820389	4734976
214	tests/uf100-430/uf100-0458.cnf	true	0.034806099	0.03825475199846551	4718592
215	tests/uf100-430/uf100-0981.cnf	true	0.034824694	0.03512848599348217	4714496
216	tests/uf100-430/uf100-066.cnf	true	0.034991011	0.035515270006726496	4730880
217	tests/uf100-430/uf100-0912.cnf	true	0.035165053	0.03558488699491136	4677632
218	tests/uf100-430/uf100-0584.cnf	true	0.035196482	0.03545520499756094	4640768
219	tests/uf100-430/uf100-0144.cnf	true	0.035311668	0.035624501993879676	4718592
220	tests/uf100-430/uf100-0937.cnf	true	0.035476088	0.03586561500560492	4710400
221	tests/uf100-430/uf100-0290.cnf	true	0.035528555	0.03577507699083071	4714496
222	tests/uf100-430/uf100-0812.cnf	true	0.035585529	0.0363258020079229	4714496
223	tests/uf100-430/uf100-0330.cnf	true	0.035788505	0.036247818992706016	4734976
224	tests/uf100-430/uf100-0829.cnf	true	0.035803133	0.03613295199465938	4710400
225	tests/uf100-430/uf100-0208.cnf	true	0.035836682	0.038804138006526046	4726784
226	tests/uf100-430/uf100-0311.cnf	true	0.035871715	0.03640877499128692	4669440
227	tests/uf100-430/uf100-0843.cnf	true	0.035888727	0.03610830201068893	4718592
228	tests/uf100-430/uf100-0247.cnf	true	0.035977968	0.036351892005768605	4702208
229	tests/uf100-430/uf100-0396.cnf	true	0.036004019	0.037555759990937077	4636672
230	tests/uf100-430/uf100-0264.cnf	true	0.036045764	0.0364364109991584	4612096
231	tests/uf100-430/uf100-0249.cnf	true	0.036047971	0.037123030007933266	4677632
232	tests/uf100-430/uf100-0754.cnf	true	0.036067723	0.036515774991130456	4710400
233	tests/uf100-430/uf100-0394.cnf	true	0.036174269	0.0364155809947988	4710400
234	tests/uf100-430/uf100-0628.cnf	true	0.036268539	0.036815694998949766	4726784
235	tests/uf100-430/uf100-0834.cnf	true	0.036325698	0.03689642499375623	4673536
236	tests/uf100-430/uf100-0639.cnf	true	0.03633013	0.03688654500001576	4628480
237	tests/uf100-430/uf100-0933.cnf	true	0.036447132	0.036864664987660944	4710400
238	tests/uf100-430/uf100-0276.cnf	true	0.036662412	0.036980928998673335	4665344
239	tests/uf100-430/uf100-0161.cnf	true	0.036674602	0.03708893399743829	4714496
240	tests/uf100-430/uf100-0960.cnf	true	0.036678236	0.037188322996371426	4653056
241	tests/uf100-430/uf100-0173.cnf	true	0.036678812	0.03696626100281719	4640768
242	tests/uf100-430/uf100-0111.cnf	true	0.036750602	0.03704085100616794	4677632
243	tests/uf100-430/uf100-034.cnf	true	0.036751454	0.03712398601055611	4698112
244	tests/uf100-430/uf100-0839.cnf	true	0.036763153	0.03736381100316066	4644864
245	tests/uf100-430/uf100-044.cnf	true	0.036778714	0.03716432899818756	4657152
246	tests/uf100-430/uf100-0115.cnf	true	0.036782469	0.03707205501268618	4730880
247	tests/uf100-430/uf100-082.cnf	true	0.036797669	0.0370934539969312	4698112
248	tests/uf100-430/uf100-097.cnf	true	0.036948651	0.03798474100767635	4661248
249	tests/uf100-430/uf100-0184.cnf	true	0.037037232	0.03733194300730247	4710400
250	tests/uf100-430/uf100-06.cnf	true	0.03715469	0.03822353000578005	4636672
251	tests/uf100-430/uf100-0419.cnf	true	0.037278422	0.0375557819934329	4710400
252	tests/uf100-430/uf100-0543.cnf	true	0.037318242	0.0376784870022675	4714496
253	tests/uf100-430/uf100-0903.cnf	true	0.037416102	0.037832734000403434	4714496
254	tests/uf100-430/uf100-0809.cnf	true	0.037477853	0.037790952002978884	4706304
255	tests/uf100-430/uf100-0391.cnf	true	0.037538052	0.03777766099665314	4689920
256	tests/uf100-430/uf100-0570.cnf	true	0.03761299	0.04162566500599496	4718592
257	tests/uf100-430/uf100-0166.cnf	true	0.037626573	0.03790054700220935	4706304
258	tests/uf100-430/uf100-0279.cnf	true	0.037652128	0.03791946898854803	4648960
259	tests/uf100-430/uf100-0755.cnf	true	0.037738054	0.038685464998707175	4706304
260	tests/uf100-430/uf100-0717.cnf	true	0.037780731	0.038120840996271	4706304
261	tests/uf100-430/uf100-0551.cnf	true	0.037851807	0.038168004000908695	4730880
262	tests/uf100-430/uf100-0190.cnf	true	0.037867126	0.038174299988895655	4718592
263	tests/uf100-430/uf100-0781.cnf	true	0.038019164	0.03835002100095153	4657152
264	tests/uf100-430/uf100-0763.cnf	true	0.038085273	0.038355958997271955	4706304
265	tests/uf100-430/uf100-0244.cnf	true	0.038138799	0.03849876599269919	4734976
266	tests/uf100-430/uf100-0181.cnf	true	0.038189769	0.03848521100007929	4632576
267	tests/uf100-430/uf100-0612.cnf	true	0.038215776	0.03855013698921539	4665344
268	tests/uf100-430/uf100-0992.cnf	true	0.038287073	0.038833441998576745	4710400
269	tests/uf100-430/uf100-064.cnf	true	0.038343537	0.03870940298656933	4677632
270	tests/uf100-430/uf100-0788.cnf	true	0.038435357	0.03875056699325796	4718592
271	tests/uf100-430/uf100-0822.cnf	true	0.038448755	0.038769719991250895	4726784
272	tests/uf100-430/uf100-0976.cnf	true	0.038449472	0.03891625700634904	4653056
273	tests/uf100-430/uf100-0333.cnf	true	0.038485382	0.03871827000693884	4689920
274	tests/uf100-430/uf100-0660.cnf	true	0.038592711	0.03883596300147474	4714496
275	tests/uf100-430/uf100-0267.cnf	true	0.038601749	0.03912615799345076	4726784
276	tests/uf100-430/uf100-0920.cnf	true	0.038643041	0.039316745998803526	4698112
277	tests/uf100-430/uf100-0235.cnf	true	0.038684986	0.03947452000284102	4657152
278	tests/uf100-430/uf100-0433.cnf	true	0.038717213	0.03925253999477718	4640768
279	tests/uf100-430/uf100-0386.cnf	true	0.038803872	0.03912230298737995	4718592
280	tests/uf100-430/uf100-0555.cnf	true	0.038818967	0.03917772699787747	4657152
281	tests/uf100-430/uf100-057.cnf	true	0.039101733	0.04047052300302312	4710400
282	tests/uf100-430/uf100-017.cnf	true	0.039169487	0.03945974000089336	4710400
283	tests/uf100-430/uf100-079.cnf	true	0.039226785	0.03951594499812927	4714496
284	tests/uf100-430/uf100-0701.cnf	true	0.039244365	0.03946188499685377	4706304
285	tests/uf100-430/uf100-0619.cnf	true	0.039248602	0.0396143809921341	4661248
286	tests/uf100-430/uf100-0804.cnf	true	0.039261024	0.039664901996729895	4661248
287	tests/uf100-430/uf100-0869.cnf	true	0.03936436	0.039834745999542065	4677632
288	tests/uf100-430/uf100-0367.cnf	true	0.03978022	0.04021456099872012	4730880
289	tests/uf100-430/uf100-0982.cnf	true	0.039781098	0.04005134399631061	4689920
290	tests/uf100-430/uf100-0489.cnf	true	0.039782267	0.04007441599969752	4722688
291	tests/uf100-430/uf100-0806.cnf	true	0.039814375	0.040187323989812285	4689920
292	tests/uf100-430/uf100-0650.cnf	true	0.039840924	0.040152611007215455	4653056
293	tests/uf100-430/uf100-0475.cnf	true	0.039853577	0.04285512999922503	4673536
294	tests/uf100-430/uf100-047.cnf	true	0.03995114	0.04027013400627766	4689920
295	tests/uf100-430/uf100-0444.cnf	true	0.039966244	0.04049417799978983	4648960
296	tests/uf100-430/uf100-0893.cnf	true	0.039986811	0.040337163998628967	4710400
297	tests/uf100-430/uf100-0239.cnf	true	0.04002998	0.04045990698796231	4685824
298	tests/uf100-430/uf100-0312.cnf	true	0.040068201	0.04041115700965747	4706304
299	tests/uf100-430/uf100-0242.cnf	true	0.040203074	0.040454211994074285	4722688
300	tests/uf100-430/uf100-0280.cnf	true	0.040237982	0.04051672101195436	4714496
301	tests/uf100-430/uf100-0691.cnf	true	0.040264472	0.04062447100295685	4632576
302	tests/uf100-430/uf100-0818.cnf	true	0.040297533	0.040631737996591255	4710400
303	tests/uf100-430/uf100-0136.cnf	true	0.040473385	0.0409052249888191	4730880
304	tests/uf100-430/uf100-0218.cnf	true	0.04056978	0.041228233007132076	4722688
305	tests/uf100-430/uf100-02.cnf	true	0.040682	0.04095074499491602	4632576
306	tests/uf100-430/uf100-0787.cnf	true	0.040795451	0.04111613999702968	4636672
307	tests/uf100-430/uf100-096.cnf	true	0.040830788	0.04105829600302968	4669440
308	tests/uf100-430/uf100-0741.cnf	true	0.040895492	0.04124907299410552	4710400
309	tests/uf100-430/uf100-0653.cnf	true	0.040941014	0.041301171004306525	4624384
310	tests/uf100-430/uf100-0880.cnf	true	0.041263874	0.04162459199142177	4710400
311	tests/uf100-430/uf100-0217.cnf	true	0.041319801	0.04159824900852982	4648960
312	tests/uf100-430/uf100-0298.cnf	true	0.041436294	0.04178851300093811	4730880
313	tests/uf100-430/uf100-0601.cnf	true	0.041525818	0.04181570500077214	4698112
314	tests/uf100-430/uf100-063.cnf	true	0.041609163	0.04191182801150717	4706304
315	tests/uf100-430/uf100-0623.cnf	true	0.041621872	0.042130324989557266	4648960
316	tests/uf100-430/uf100-0413.cnf	true	0.041942631	0.04226211700006388	4677632
317	tests/uf100-430/uf100-0194.cnf	true	0.04199329	0.04251765301160049	4730880
318	tests/uf100-430/uf100-0179.cnf	true	0.04218028	0.04245370801072568	4722688
319	tests/uf100-430/uf100-0295.cnf	true	0.042205875	0.043878167009097524	4698112
320	tests/uf100-430/uf100-0885.cnf	true	0.042288978	0.042771727006766014	4644864
321	tests/uf100-430/uf100-0978.cnf	true	0.042289382	0.0426255369966384	4653056
322	tests/uf100-430/uf100-0437.cnf	true	0.042337956	0.06119700400449801	4653056
323	tests/uf100-430/uf100-0583.cnf	true	0.042366128	0.04296438200981356	4681728
324	tests/uf100-430/uf100-033.cnf	true	0.042380705	0.04261235399462748	4710400
325	tests/uf100-430/uf100-0384.cnf	true	0.04240941	0.04286542099725921	4743168
326	tests/uf100-430/uf100-0100.cnf	true	0.042416314	0.04263156799424905	4722688
327	tests/uf100-430/uf100-0990.cnf	true	0.042423637	0.04283970499818679	4730880
328	tests/uf100-430/uf100-0192.cnf	true	0.042621154	0.04287905100500211	4710400
329	tests/uf100-430/uf100-0718.cnf	true	0.042694992	0.042968214009306394	4710400
330	tests/uf100-430/uf100-0579.cnf	true	0.042913415	0.04324209000333212	4706304
331	tests/uf100-430/uf100-0841.cnf	true	0.042948406	0.04316025399020873	4661248
332	tests/uf100-430/uf100-0153.cnf	true	0.043024035	0.04327991299214773	4714496
333	tests/uf100-430/uf100-0887.cnf	true	0.043040426	0.04361092399631161	4726784
334	tests/uf100-430/uf100-0382.cnf	true	0.043045209	0.04757002499536611	4628480
335	tests/uf100-430/uf100-0402.cnf	true	0.043073076	0.04372736701043323	4739072
336	tests/uf100-430/uf100-0449.cnf	true	0.043073939	0.04336894200241659	4644864
337	tests/uf100-430/uf100-0706.cnf	true	0.043298522	0.043463130001327954	4706304
338	tests/uf100-430/uf100-0372.cnf	true	0.043315012	0.06359796600008849	4706304
339	tests/uf100-430/uf100-0615.cnf	true	0.043362554	0.04392262001056224	4706304
340	tests/uf100-430/uf100-0714.cnf	true	0.043498543	0.043815427998197265	4714496
341	tests/uf100-430/uf100-0868.cnf	true	0.043557522	0.04413380500045605	4722688
342	tests/uf100-430/uf100-0805.cnf	true	0.043558014	0.047582744009559974	4648960
343	tests/uf100-430/uf100-022.cnf	true	0.043726953	0.04419642299762927	4644864
344	tests/uf100-430/uf100-0388.cnf	true	0.043861842	0.04433271099696867	4726784
345	tests/uf100-430/uf100-0752.cnf	true	0.043909236	0.04420139700232539	4657152
346	tests/uf100-430/uf100-04.cnf	true	0.044052244	0.04429577599512413	4648960
347	tests/uf100-430/uf100-098.cnf	true	0.044504427	0.050646080999285914	4689920
348	tests/uf100-430/uf100-0355.cnf	true	0.04450747	0.044755432987585664	4661248
349	tests/uf100-430/uf100-0658.cnf	true	0.044699088	0.04512306799006183	4681728
350	tests/uf100-430/uf100-0369.cnf	true	0.044782807	0.04502546999719925	4710400
351	tests/uf100-430/uf100-01000.cnf	true	0.044806193	0.045230440999148414	4734976
352	tests/uf100-430/uf100-0916.cnf	true	0.044846179	0.04531866799516138	4710400
353	tests/uf100-430/uf100-0687.cnf	true	0.044918682	0.0456742789974669	4653056
354	tests/uf100-430/uf100-0821.cnf	true	0.044965579	0.04539465899870265	4653056
355	tests/uf100-430/uf100-0234.cnf	true	0.045155321	0.04664408900134731	4706304
356	tests/uf100-430/uf100-0493.cnf	true	0.045372173	0.04585225199116394	4722688
357	tests/uf100-430/uf100-0332.cnf	true	0.045577704	0.04602873600379098	4689920
358	tests/uf100-430/uf100-024.cnf	true	0.045634439	0.04587984700629022	4706304
359	tests/uf100-430/uf100-0746.cnf	true	0.045659035	0.04595305099792313	4726784
360	tests/uf100-430/uf100-0512.cnf	true	0.045685692	0.04683540300175082	4681728
361	tests/uf100-430/uf100-0149.cnf	true	0.045710228	0.04621202900307253	4661248
362	tests/uf100-430/uf100-0397.cnf	true	0.045777976	0.04652895899198484	4726784
363	tests/uf100-430/uf100-0656.cnf	true	0.045795637	0.04609563099802472	4710400
364	tests/uf100-430/uf100-0536.cnf	true	0.045870824	0.04634329199325293	4722688
365	tests/uf100-430/uf100-0552.cnf	true	0.046281209	0.04675290900922846	4702208
366	tests/uf100-430/uf100-0963.cnf	true	0.046527525	0.04718943400075659	4636672
367	tests/uf100-430/uf100-0344.cnf	true	0.04664135	0.04723920799733605	4718592
368	tests/uf100-430/uf100-0977.cnf	true	0.046660118	0.047154510000837035	4689920
369	tests/uf100-430/uf100-0854.cnf	true	0.046682954	0.04718212199804839	4710400
370	tests/uf100-430/uf100-045.cnf	true	0.046800682	0.047017385993967764	4714496
371	tests/uf100-430/uf100-0411.cnf	true	0.046832306	0.04713754600379616	4657152
372	tests/uf100-430/uf100-0764.cnf	true	0.046835527	0.047100090989260934	4726784
373	tests/uf100-430/uf100-0664.cnf	true	0.047007932	0.047653593006543815	4632576
374	tests/uf100-430/uf100-032.cnf	true	0.047114071	0.047525125002721325	4714496
375	tests/uf100-430/uf100-0770.cnf	true	0.047147433	0.047412338011781685	4710400
376	tests/uf100-430/uf100-0514.cnf	true	0.047203656	0.047417490000952967	4636672
377	tests/uf100-430/uf100-0187.cnf	true	0.04721508	0.047462362999795005	4726784
378	tests/uf100-430/uf100-0813.cnf	true	0.047459503	0.04802505299448967	4710400
379	tests/uf100-430/uf100-0352.cnf	true	0.047729048	0.04805323400069028	4710400
380	tests/uf100-430/uf100-0614.cnf	true	0.047736206	0.04823753298842348	4661248
381	tests/uf100-430/uf100-0237.cnf	true	0.047805863	0.04813287600700278	4665344
382	tests/uf100-430/uf100-0607.cnf	true	0.047966852	0.048480351993930526	4710400
383	tests/uf100-430/uf100-0909.cnf	true	0.047968056	0.04832244299177546	4661248
384	tests/uf100-430/uf100-0548.cnf	true	0.048104231	0.048359550986788236	4640768
385	tests/uf100-430/uf100-0618.cnf	true	0.048131055	0.049764277995564044	4714496
386	tests/uf100-430/uf100-0538.cnf	true	0.048156449	0.048483863996807486	4628480
387	tests/uf100-430/uf100-0431.cnf	true	0.048299011	0.04921640899556223	4706304
388	tests/uf100-430/uf100-0483.cnf	true	0.048350183	0.04885713600378949	4661248
389	tests/uf100-430/uf100-0784.cnf	true	0.048356768	0.04863738801213913	4644864
390	tests/uf100-430/uf100-0783.cnf	true	0.048478564	0.048794940987136215	4706304
391	tests/uf100-430/uf100-0291.cnf	true	0.04851578	0.04927277700335253	4616192
392	tests/uf100-430/uf100-0775.cnf	true	0.048537532	0.04888305100030266	4681728
393	tests/uf100-430/uf100-089.cnf	true	0.048678655	0.049157875997480005	4624384
394	tests/uf100-430/uf100-0329.cnf	true	0.048685171	0.04895483699510805	4714496
395	tests/uf100-430/uf100-0270.cnf	true	0.048713276	0.04906879099144135	4743168
396	tests/uf100-430/uf100-027.cnf	true	0.048813959	0.04902754300564993	4706304
397	tests/uf100-430/uf100-0438.cnf	true	0.04897453	0.0492580879945308	4657152
398	tests/uf100-430/uf100-0108.cnf	true	0.049040575	0.04934966600558255	4657152
399	tests/uf100-430/uf100-0573.cnf	true	0.049111842	0.04936942699714564	4653056
400	tests/uf100-430/uf100-0470.cnf	true	0.049140804	0.049539990999619476	4710400
401	tests/uf100-430/uf100-067.cnf	true	0.049141227	0.04979455500142649	4624384
402	tests/uf100-430/uf100-0641.cnf	true	0.049231468	0.05035725400375668	4640768
403	tests/uf100-430/uf100-0895.cnf	true	0.049299843	0.04954713300685398	4698112
404	tests/uf100-430/uf100-0925.cnf	true	0.049450339	0.04968669600202702	4685824
405	tests/uf100-430/uf100-0268.cnf	true	0.049507696	0.04978777500218712	4648960
406	tests/uf100-430/uf100-0769.cnf	true	0.049573129	0.050267967002582736	4661248
407	tests/uf100-430/uf100-0172.cnf	true	0.049626466	0.050116308993892744	4710400
408	tests/uf100-430/uf100-030.cnf	true	0.049686263	0.05001411199918948	4706304
409	tests/uf100-430/uf100-0979.cnf	true	0.049706872	0.05003627001133282	4661248
410	tests/uf100-430/uf100-0535.cnf	true	0.049913046	0.05012855600216426	4714496
411	tests/uf100-430/uf100-0363.cnf	true	0.049927636	0.050160766011686064	4726784
412	tests/uf100-430/uf100-0547.cnf	true	0.05027684	0.05309491200023331	4628480
413	tests/uf100-430/uf100-0274.cnf	true	0.050300763	0.05059164699923713	4726784
414	tests/uf100-430/uf100-042.cnf	true	0.050301624	0.05061055900296196	4726784
415	tests/uf100-430/uf100-0338.cnf	true	0.050302096	0.050692214994342066	4710400
416	tests/uf100-430/uf100-0497.cnf	true	0.050315532	0.05076237799949013	4653056
417	tests/uf100-430/uf100-0928.cnf	true	0.050320191	0.05083946899685543	4734976
418	tests/uf100-430/uf100-0150.cnf	true	0.050428247	0.05063092200725805	4653056
419	tests/uf100-430/uf100-0688.cnf	true	0.050529584	0.05094007799925748	4673536
420	tests/uf100-430/uf100-0359.cnf	true	0.050553618	0.05097843799740076	4665344
421	tests/uf100-430/uf100-0921.cnf	true	0.050713111	0.05098976400040556	4640768
422	tests/uf100-430/uf100-0966.cnf	true	0.050782125	0.05115007200220134	4694016
423	tests/uf100-430/uf100-0335.cnf	true	0.050819888	0.05130989600729663	4644864
424	tests/uf100-430/uf100-0824.cnf	true	0.050865378	0.05106882599648088	4710400
425	tests/uf100-430/uf100-0378.cnf	true	0.050972415	0.05134200199972838	4710400
426	tests/uf100-430/uf100-0922.cnf	true	0.050993562	0.05279171600705013	4734976
427	tests/uf100-430/uf100-0440.cnf	true	0.05104012	0.05139607399178203	4689920
428	tests/uf100-430/uf100-0461.cnf	true	0.051064252	0.05181805900065228	4722688
429	tests/uf100-430/uf100-0638.cnf	true	0.05110095	0.05142170599719975	4677632
430	tests/uf100-430/uf100-0305.cnf	true	0.051324951	0.05177168198861182	4718592
431	tests/uf100-430/uf100-0590.cnf	true	0.051344591	0.051801691006403416	4653056
432	tests/uf100-430/uf100-0707.cnf	true	0.051444091	0.05178299300314393	4710400
433	tests/uf100-430/uf100-0891.cnf	true	0.051575466	0.052055210995604284	4706304
434	tests/uf100-430/uf100-0749.cnf	true	0.051601798	0.05295375100104138	4722688
435	tests/uf100-430/uf100-014.cnf	true	0.051651285	0.052136394995613955	4710400
436	tests/uf100-430/uf100-0380.cnf	true	0.051955446	0.05222486700222362	4624384
437	tests/uf100-430/uf100-013.cnf	true	0.051957892	0.052257534000091255	4714496
438	tests/uf100-430/uf100-0620.cnf	true	0.051963628	0.052440838000620715	4673536
439	tests/uf100-430/uf100-0241.cnf	true	0.052026224	0.05250103399157524	4665344
440	tests/uf100-430/uf100-0435.cnf	true	0.052061551	0.05236449099902529	4673536
441	tests/uf100-430/uf100-0460.cnf	true	0.052202296	0.05260175700823311	4640768
442	tests/uf100-430/uf100-03.cnf	true	0.052320127	0.05285080400062725	4702208
443	tests/uf100-430/uf100-0362.cnf	true	0.052420569	0.05269453799701296	4653056
444	tests/uf100-430/uf100-0580.cnf	true	0.052483921	0.05279100099869538	4653056
445	tests/uf100-430/uf100-0526.cnf	true	0.052530595	0.05278671300038695	4648960
446	tests/uf100-430/uf100-0442.cnf	true	0.05258796	0.05292264600575436	4710400
447	tests/uf100-430/uf100-0865.cnf	true	0.052612814	0.054001666998374276	4710400
448	tests/uf100-430/uf100-0481.cnf	true	0.052683657	0.053275311991455965	4714496
449	tests/uf100-430/uf100-0634.cnf	true	0.052728603	0.053143484008614905	4718592
450	tests/uf100-430/uf100-0815.cnf	true	0.052783508	0.053251841993187554	4640768
451	tests/uf100-430/uf100-0269.cnf	true	0.0527903	0.0557472970103845	4677632
452	tests/uf100-430/uf100-0175.cnf	true	0.052879225	0.053292953001800925	4689920
453	tests/uf100-430/uf100-015.cnf	true	0.052940191	0.05318871400959324	4653056
454	tests/uf100-430/uf100-0901.cnf	true	0.053036352	0.0536933319963282	4718592
455	tests/uf100-430/uf100-0236.cnf	true	0.053133467	0.0533691699965857	4730880
456	tests/uf100-430/uf100-038.cnf	true	0.053248453	0.053644370011170395	4706304
457	tests/uf100-430/uf100-0256.cnf	true	0.053257224	0.05355142000189517	4730880
458	tests/uf100-430/uf100-0537.cnf	true	0.053270148	0.053869367999141105	4685824
459	tests/uf100-430/uf100-0203.cnf	true	0.05333386	0.05415812399587594	4636672
460	tests/uf100-430/uf100-0862.cnf	true	0.053527609	0.054157624996150844	4710400
461	tests/uf100-430/uf100-021.cnf	true	0.053569662	0.05426018699654378	4710400
462	tests/uf100-430/uf100-0265.cnf	true	0.053576754	0.05392015300458297	4673536
463	tests/uf100-430/uf100-0715.cnf	true	0.053581456	0.05392638601188082	4677632
464	tests/uf100-430/uf100-0345.cnf	true	0.053670532	0.053986993996659294	4644864
465	tests/uf100-430/uf100-0757.cnf	true	0.053697259	0.05396285800088663	4718592
466	tests/uf100-430/uf100-0133.cnf	true	0.053710223	0.0560035280068405	4657152
467	tests/uf100-430/uf100-0823.cnf	true	0.053714912	0.05399906598904636	4718592
468	tests/uf100-430/uf100-0145.cnf	true	0.053791046	0.05430712099769153	4718592
469	tests/uf100-430/uf100-0343.cnf	true	0.053800502	0.05407940500299446	4714496
470	tests/uf100-430/uf100-0485.cnf	true	0.053868164	0.05420596200565342	4722688
471	tests/uf100-430/uf100-0472.cnf	true	0.053907985	0.05421552799816709	4681728
472	tests/uf100-430/uf100-0288.cnf	true	0.053911096	0.05421367599046789	4710400
473	tests/uf100-430/uf100-0582.cnf	true	0.053933189	0.054329599006450735	4722688
474	tests/uf100-430/uf100-0710.cnf	true	0.054006292	0.054241206002188846	4665344
475	tests/uf100-430/uf100-0736.cnf	true	0.054028441	0.054304350007441826	4644864
476	tests/uf100-430/uf100-0844.cnf	true	0.054124136	0.05439859299804084	4657152
477	tests/uf100-430/uf100-0121.cnf	true	0.054219366	0.05987264100986067	4718592
478	tests/uf100-430/uf100-0698.cnf	true	0.05427952	0.05821636899781879	4706304
479	tests/uf100-430/uf100-0428.cnf	true	0.054434123	0.05475765799928922	4710400
480	tests/uf100-430/uf100-0275.cnf	true	0.054465467	0.05471599000156857	4665344
481	tests/uf100-430/uf100-0929.cnf	true	0.054617506	0.055161880009109154	4689920
482	tests/uf100-430/uf100-0408.cnf	true	0.054673459	0.05493868299527094	4730880
483	tests/uf100-430/uf100-0404.cnf	true	0.05467998	0.05509167700074613	4657152
484	tests/uf100-430/uf100-0322.cnf	true	0.054720813	0.05498222300957423	4710400
485	tests/uf100-430/uf100-0777.cnf	true	0.054734247	0.05501422499946784	4673536
486	tests/uf100-430/uf100-0462.cnf	true	0.054948768	0.055156847010948695	4665344
487	tests/uf100-430/uf100-0478.cnf	true	0.054967685	0.055386317006195895	4669440
488	tests/uf100-430/uf100-0807.cnf	true	0.054999556	0.05535167999914847	4681728
489	tests/uf100-430/uf100-0321.cnf	true	0.055124356	0.0556366819946561	4734976
490	tests/uf100-430/uf100-0505.cnf	true	0.055144216	0.05538477998925373	4669440
491	tests/uf100-430/uf100-0392.cnf	true	0.055196901	0.05548478799755685	4653056
492	tests/uf100-430/uf100-0774.cnf	true	0.055197866	0.055477308997069485	4648960
493	tests/uf100-430/uf100-0377.cnf	true	0.055225918	0.05569383299734909	4718592
494	tests/uf100-430/uf100-0799.cnf	true	0.055317415	0.05566946500039194	4710400
495	tests/uf100-430/uf100-0533.cnf	true	0.055349907	0.05996366299223155	4706304
496	tests/uf100-430/uf100-0961.cnf	true	0.055964182	0.05632132600294426	4698112
497	tests/uf100-430/uf100-0751.cnf	true	0.056089174	0.05633183599275071	4653056
498	tests/uf100-430/uf100-081.cnf	true	0.056097863	0.05688222000026144	4718592
499	tests/uf100-430/uf100-0348.cnf	true	0.056169123	0.05642924700805452	4706304
500	tests/uf100-430/uf100-0546.cnf	true	0.056330474	0.056574560003355145	4673536
501	tests/uf100-430/uf100-0644.cnf	true	0.056388344	0.05662564700469375	4710400
502	tests/uf100-430/uf100-0301.cnf	true	0.05649554	0.05700360699847806	4706304
503	tests/uf100-430/uf100-0405.cnf	true	0.056518043	0.05686349800089374	4636672
504	tests/uf100-430/uf100-0782.cnf	true	0.056525865	0.05685488900053315	4694016
505	tests/uf100-430/uf100-0942.cnf	true	0.056738896	0.057135488008498214	4726784
506	tests/uf100-430/uf100-0604.cnf	true	0.056830022	0.05709263500466477	4694016
507	tests/uf100-430/uf100-0835.cnf	true	0.056924749	0.05742341800942086	4657152
508	tests/uf100-430/uf100-0832.cnf	true	0.056988964	0.05750029199407436	4648960
509	tests/uf100-430/uf100-0128.cnf	true	0.057108675	0.057445211001322605	4636672
510	tests/uf100-430/uf100-070.cnf	true	0.057113643	0.05743376299506053	4722688
511	tests/uf100-430/uf100-0228.cnf	true	0.057123152	0.05741929500072729	4657152
512	tests/uf100-430/uf100-0252.cnf	true	0.057195666	0.058907894999720156	4665344
513	tests/uf100-430/uf100-0292.cnf	true	0.057204912	0.05744305999542121	4706304
514	tests/uf100-430/uf100-0186.cnf	true	0.057270806	0.057633716001873836	4661248
515	tests/uf100-430/uf100-0766.cnf	true	0.057329444	0.05765581699961331	4673536
516	tests/uf100-430/uf100-0958.cnf	true	0.057426495	0.05776048600091599	4714496
517	tests/uf100-430/uf100-0723.cnf	true	0.057739461	0.05857821500103455	4661248
518	tests/uf100-430/uf100-0118.cnf	true	0.057752885	0.05838257700088434	4706304
519	tests/uf100-430/uf100-0622.cnf	true	0.05776546	0.05846059900068212	4644864
520	tests/uf100-430/uf100-0422.cnf	true	0.057854429	0.058129965007537976	4730880
521	tests/uf100-430/uf100-0387.cnf	true	0.057892803	0.05831450500409119	4722688
522	tests/uf100-430/uf100-0253.cnf	true	0.058275187	0.05851986398920417	4718592
523	tests/uf100-430/uf100-0104.cnf	true	0.058292469	0.05893114299396984	4726784
524	tests/uf100-430/uf100-0624.cnf	true	0.058377193	0.05872708300012164	4657152
525	tests/uf100-430/uf100-0258.cnf	true	0.058416927	0.05873295199126005	4710400
526	tests/uf100-430/uf100-0866.cnf	true	0.058417061	0.059211128987954	4632576
527	tests/uf100-430/uf100-0668.cnf	true	0.058507456	0.0592821640020702	4726784
528	tests/uf100-430/uf100-0972.cnf	true	0.058652538	0.05902022299414966	4710400
529	tests/uf100-430/uf100-0259.cnf	true	0.058713781	0.05897135900158901	4640768
530	tests/uf100-430/uf100-060.cnf	true	0.058982778	0.05944055100553669	4665344
531	tests/uf100-430/uf100-0255.cnf	true	0.059011733	0.06076353399839718	4726784
532	tests/uf100-430/uf100-0826.cnf	true	0.059342199	0.05972478700277861	4706304
533	tests/uf100-430/uf100-0964.cnf	true	0.059380566	0.05974074499681592	4673536
534	tests/uf100-430/uf100-0797.cnf	true	0.059431321	0.05982123001012951	4743168
535	tests/uf100-430/uf100-0451.cnf	true	0.059432849	0.059763887998997234	4653056
536	tests/uf100-430/uf100-0361.cnf	true	0.059643276	0.059890560994972475	4669440
537	tests/uf100-430/uf100-0542.cnf	true	0.059706712	0.060075264002080075	4653056
538	tests/uf100-430/uf100-0525.cnf	true	0.05974283	0.06023668400302995	4661248
539	tests/uf100-430/uf100-054.cnf	true	0.059780777	0.060084425000241026	4632576
540	tests/uf100-430/uf100-0917.cnf	true	0.05983769	0.06010281600174494	4640768
541	tests/uf100-430/uf100-0157.cnf	true	0.060100698	0.06032883599982597	4718592
542	tests/uf100-430/uf100-077.cnf	true	0.060367913	0.06064890899870079	4710400
543	tests/uf100-430/uf100-0609.cnf	true	0.060433759	0.06118748799781315	4661248
544	tests/uf100-430/uf100-0816.cnf	true	0.060459307	0.060966082994127646	4722688
545	tests/uf100-430/uf100-0761.cnf	true	0.060475045	0.060794729011831805	4685824
546	tests/uf100-430/uf100-0760.cnf	true	0.060497543	0.060738391999620944	4710400
547	tests/uf100-430/uf100-0185.cnf	true	0.060522715	0.06111852600588463	4706304
548	tests/uf100-430/uf100-0661.cnf	true	0.060693206	0.06175829398853239	4710400
549	tests/uf100-430/uf100-0130.cnf	true	0.060699343	0.060982092007179745	4722688
550	tests/uf100-430/uf100-0545.cnf	true	0.060728044	0.06104094699549023	4640768
551	tests/uf100-430/uf100-0156.cnf	true	0.060809567	0.061091720999684185	4706304
552	tests/uf100-430/uf100-0592.cnf	true	0.060869178	0.06122689200856257	4661248
553	tests/uf100-430/uf100-0463.cnf	true	0.061131906	0.06174853899574373	4648960
554	tests/uf100-430/uf100-0189.cnf	true	0.061152191	0.06140117300674319	4673536
555	tests/uf100-430/uf100-0336.cnf	true	0.061472193	0.0619712230109144	4640768
556	tests/uf100-430/uf100-0556.cnf	true	0.061547188	0.06250263500260189	4718592
557	tests/uf100-430/uf100-09.cnf	true	0.061565022	0.06195512699196115	4661248
558	tests/uf100-430/uf100-0859.cnf	true	0.061601857	0.062144819006789476	4734976
559	tests/uf100-430/uf100-0516.cnf	true	0.061651626	0.062017396005103365	4710400
560	tests/uf100-430/uf100-0227.cnf	true	0.061675986	0.06224631798977498	4677632
561	tests/uf100-430/uf100-026.cnf	true	0.061785244	0.06224775499140378	4661248
562	tests/uf100-430/uf100-0224.cnf	true	0.061798421	0.06204351200722158	4661248
563	tests/uf100-430/uf100-0975.cnf	true	0.06189908	0.06221767800161615	4657152
564	tests/uf100-430/uf100-0762.cnf	true	0.061943246	0.06602587299130391	4710400
565	tests/uf100-430/uf100-0837.cnf	true	0.061959459	0.06224282900802791	4706304
566	tests/uf100-430/uf100-0176.cnf	true	0.062081864	0.062303591999807395	4710400
567	tests/uf100-430/uf100-0216.cnf	true	0.062153778	0.062423737996141426	4636672
568	tests/uf100-430/uf100-0209.cnf	true	0.062243554	0.06268519899458624	4726784
569	tests/uf100-430/uf100-0665.cnf	true	0.062481752	0.06275379299768247	4718592
570	tests/uf100-430/uf100-0649.cnf	true	0.062488395	0.0627519650006434	4730880
571	tests/uf100-430/uf100-012.cnf	true	0.062629259	0.06295755800965708	4710400
572	tests/uf100-430/uf100-0482.cnf	true	0.062707777	0.06323680799687281	4718592
573	tests/uf100-430/uf100-0510.cnf	true	0.062730396	0.06306348400539719	4722688
574	tests/uf100-430/uf100-0991.cnf	true	0.062738685	0.06331997299275827	4661248
575	tests/uf100-430/uf100-0480.cnf	true	0.062756557	0.06332093599485233	4632576
576	tests/uf100-430/uf100-0720.cnf	true	0.062856521	0.06353952600329649	4661248
577	tests/uf100-430/uf100-0341.cnf	true	0.062963685	0.06341809700825252	4669440
578	tests/uf100-430/uf100-072.cnf	true	0.062995625	0.06325665400072467	4706304
579	tests/uf100-430/uf100-0266.cnf	true	0.063301934	0.06372851600463036	4661248
580	tests/uf100-430/uf100-0357.cnf	true	0.063382878	0.06365591299254447	4710400
581	tests/uf100-430/uf100-0492.cnf	true	0.063458881	0.06420544099819381	4718592
582	tests/uf100-430/uf100-0923.cnf	true	0.063687192	0.06400000498979352	4706304
583	tests/uf100-430/uf100-0795.cnf	true	0.063695072	0.0641356359992642	4694016
584	tests/uf100-430/uf100-0504.cnf	true	0.063988186	0.0643656460015336	4644864
585	tests/uf100-430/uf100-0857.cnf	true	0.064136154	0.06460644899925683	4624384
586	tests/uf100-430/uf100-031.cnf	true	0.064146624	0.06478940299712121	4669440
587	tests/uf100-430/uf100-0756.cnf	true	0.064298338	0.06455277900386136	4702208
588	tests/uf100-430/uf100-05.cnf	true	0.064311095	0.06460935799987055	4718592
589	tests/uf100-430/uf100-0564.cnf	true	0.064373268	0.06515391300490592	4648960
590	tests/uf100-430/uf100-0578.cnf	true	0.064416829	0.06467741300002672	4657152
591	tests/uf100-430/uf100-0293.cnf	true	0.064424965	0.0647954949963605	4644864
592	tests/uf100-430/uf100-0459.cnf	true	0.064463627	0.06491828599246219	4726784
593	tests/uf100-430/uf100-0340.cnf	true	0.064596576	0.06482207600492984	4689920
594	tests/uf100-430/uf100-0740.cnf	true	0.06461379	0.0649452470097458	4685824
595	tests/uf100-430/uf100-0337.cnf	true	0.064692376	0.06526316900271922	4702208
596	tests/uf100-430/uf100-0587.cnf	true	0.064713958	0.06496687199978624	4722688
597	tests/uf100-430/uf100-0513.cnf	true	0.064767922	0.06583119100832846	4726784
598	tests/uf100-430/uf100-0605.cnf	true	0.064790331	0.06503453600453213	4698112
599	tests/uf100-430/uf100-0845.cnf	true	0.064928383	0.06519938800192904	4710400
600	tests/uf100-430/uf100-0679.cnf	true	0.064971339	0.06579863300430588	4714496
601	tests/uf100-430/uf100-0302.cnf	true	0.065118719	0.06538597200415097	4722688
602	tests/uf100-430/uf100-0998.cnf	true	0.065227432	0.06560506399546284	4710400
603	tests/uf100-430/uf100-080.cnf	true	0.06523708	0.06554203100677114	4636672
604	tests/uf100-430/uf100-099.cnf	true	0.06526421	0.06559633399592713	4661248
605	tests/uf100-430/uf100-0852.cnf	true	0.065269407	0.06561301898909733	4718592
606	tests/uf100-430/uf100-0117.cnf	true	0.065361421	0.06603440598701127	4644864
607	tests/uf100-430/uf100-0695.cnf	true	0.065409973	0.06586793200403918	4706304
608	tests/uf100-430/uf100-029.cnf	true	0.065422518	0.06825870099419262	4710400
609	tests/uf100-430/uf100-0600.cnf	true	0.065448331	0.06588865400408395	4706304
610	tests/uf100-430/uf100-0479.cnf	true	0.065586865	0.06596956799330655	4730880
611	tests/uf100-430/uf100-0721.cnf	true	0.065771289	0.06603568799619097	4730880
612	tests/uf100-430/uf100-020.cnf	true	0.065797961	0.06612457800656557	4706304
613	tests/uf100-430/uf100-0954.cnf	true	0.065951018	0.06636103999335319	4644864
614	tests/uf100-430/uf100-0222.cnf	true	0.06607772	0.06639219200587831	4636672
615	tests/uf100-430/uf100-0875.cnf	true	0.066157541	0.06646968099812511	4694016
616	tests/uf100-430/uf100-0554.cnf	true	0.066793106	0.0670398100046441	4706304
617	tests/uf100-430/uf100-01.cnf	true	0.067115122	0.06819666699448135	4689920
618	tests/uf100-430/uf100-051.cnf	true	0.067195984	0.06753761999425478	4616192
619	tests/uf100-430/uf100-0559.cnf	true	0.06732416	0.06763884599786252	4710400
620	tests/uf100-430/uf100-0327.cnf	true	0.067409093	0.06793471799755935	4689920
621	tests/uf100-430/uf100-0574.cnf	true	0.067621934	0.06801388099847827	4640768
622	tests/uf100-430/uf100-0768.cnf	true	0.067918463	0.06824468100967351	4702208
623	tests/uf100-430/uf100-0101.cnf	true	0.068147689	0.06841097099822946	4710400
624	tests/uf100-430/uf100-0448.cnf	true	0.068176625	0.06846775500162039	4665344
625	tests/uf100-430/uf100-0983.cnf	true	0.068354413	0.06883050699252635	4669440
626	tests/uf100-430/uf100-0897.cnf	true	0.068357414	0.06870828299724963	4722688
627	tests/uf100-430/uf100-0908.cnf	true	0.06838155	0.06866633601021022	4710400
628	tests/uf100-430/uf100-0719.cnf	true	0.06855607	0.06883131100039463	4710400
629	tests/uf100-430/uf100-0984.cnf	true	0.068817032	0.06925795100687537	4665344
630	tests/uf100-430/uf100-0744.cnf	true	0.069187866	0.06947230100922752	4657152
631	tests/uf100-430/uf100-075.cnf	true	0.069305797	0.06967722000263166	4743168
632	tests/uf100-430/uf100-0417.cnf	true	0.069415142	0.06993918400257826	4714496
633	tests/uf100-430/uf100-0810.cnf	true	0.069507402	0.06977213200298138	4669440
634	tests/uf100-430/uf100-0308.cnf	true	0.069597477	0.06988043800811283	4726784
635	tests/uf100-430/uf100-0995.cnf	true	0.069610632	0.07355983200250193	4661248
636	tests/uf100-430/uf100-0597.cnf	true	0.069694084	0.07007988799887244	4632576
637	tests/uf100-430/uf100-0666.cnf	true	0.069955939	0.07019800100533757	4657152
638	tests/uf100-430/uf100-0530.cnf	true	0.070019727	0.07048873598978389	4636672
639	tests/uf100-430/uf100-0418.cnf	true	0.070021057	0.07033524800499436	4714496
640	tests/uf100-430/uf100-0467.cnf	true	0.070037045	0.07032276899553835	4661248
641	tests/uf100-430/uf100-058.cnf	true	0.070229055	0.07054164698638488	4644864
642	tests/uf100-430/uf100-0198.cnf	true	0.07028127	0.07058808399597183	4714496
643	tests/uf100-430/uf100-0180.cnf	true	0.070305988	0.07065394600795116	4710400
644	tests/uf100-430/uf100-0141.cnf	true	0.070390327	0.0706951169995591	4730880
645	tests/uf100-430/uf100-049.cnf	true	0.070705196	0.07101680099731311	4653056
646	tests/uf100-430/uf100-0139.cnf	true	0.070733053	0.07099927800300065	4722688
647	tests/uf100-430/uf100-0283.cnf	true	0.070739418	0.07883164699887857	4657152
648	tests/uf100-430/uf100-093.cnf	true	0.07077525	0.07105056098953355	4665344
649	tests/uf100-430/uf100-0412.cnf	true	0.070869035	0.07113389899313916	4714496
650	tests/uf100-430/uf100-0568.cnf	true	0.0709352	0.07135877700056881	4718592
651	tests/uf100-430/uf100-0273.cnf	true	0.070939163	0.07195947699074168	4722688
652	tests/uf100-430/uf100-0541.cnf	true	0.071027286	0.07125651500246022	4669440
653	tests/uf100-430/uf100-0655.cnf	true	0.071193565	0.0720033190009417	4653056
654	tests/uf100-430/uf100-0704.cnf	true	0.071425661	0.07172897599230055	4636672
655	tests/uf100-430/uf100-087.cnf	true	0.071537247	0.07181369498721324	4657152
656	tests/uf100-430/uf100-0349.cnf	true	0.071548542	0.07188242000120226	4710400
657	tests/uf100-430/uf100-0927.cnf	true	0.071657271	0.07192732900148258	4730880
658	tests/uf100-430/uf100-069.cnf	true	0.07166912	0.07208544600871392	4669440
659	tests/uf100-430/uf100-0581.cnf	true	0.071852373	0.07208001900289673	4710400
660	tests/uf100-430/uf100-0692.cnf	true	0.071870317	0.07214415901398752	4718592
661	tests/uf100-430/uf100-062.cnf	true	0.071907648	0.07497545699879993	4665344
662	tests/uf100-430/uf100-0339.cnf	true	0.072100148	0.07251766399713233	4706304
663	tests/uf100-430/uf100-0670.cnf	true	0.072121111	0.07298714098578785	4673536
664	tests/uf100-430/uf100-0712.cnf	true	0.072170744	0.07241742999758571	4710400
665	tests/uf100-430/uf100-0662.cnf	true	0.072172401	0.07251464501314331	4669440
666	tests/uf100-430/uf100-0617.cnf	true	0.072187956	0.07305478600028437	4644864
667	tests/uf100-430/uf100-0126.cnf	true	0.072261311	0.07396287900337484	4743168
668	tests/uf100-430/uf100-0840.cnf	true	0.072347012	0.07275944200227968	4644864
669	tests/uf100-430/uf100-035.cnf	true	0.07257207	0.07289877498988062	4612096
670	tests/uf100-430/uf100-0522.cnf	true	0.072579808	0.07283629500307143	4648960
671	tests/uf100-430/uf100-0637.cnf	true	0.072784068	0.07303623399639037	4689920
672	tests/uf100-430/uf100-0674.cnf	true	0.073310433	0.07360787199286278	4726784
673	tests/uf100-430/uf100-0230.cnf	true	0.073366172	0.07380914299574215	4636672
674	tests/uf100-430/uf100-0471.cnf	true	0.073585502	0.07386723799572792	4706304
675	tests/uf100-430/uf100-0871.cnf	true	0.073662824	0.07397746200149413	4653056
676	tests/uf100-430/uf100-0109.cnf	true	0.073724496	0.07403470799908973	4702208
677	tests/uf100-430/uf100-0229.cnf	true	0.07408558	0.07440650000353344	4644864
678	tests/uf100-430/uf100-0395.cnf	true	0.074117625	0.07443751400569454	4661248
679	tests/uf100-430/uf100-0415.cnf	true	0.074119133	0.07443674599926453	4628480
680	tests/uf100-430/uf100-018.cnf	true	0.074135935	0.07453472199267708	4702208
681	tests/uf100-430/uf100-0170.cnf	true	0.074382681	0.07470720700803213	4665344
682	tests/uf100-430/uf100-0262.cnf	true	0.07444165	0.07472837199748028	4636672
683	tests/uf100-430/uf100-0206.cnf	true	0.074470445	0.07470951499999501	4714496
684	tests/uf100-430/uf100-0771.cnf	true	0.074498344	0.07474243199976627	4706304
685	tests/uf100-430/uf100-0232.cnf	true	0.074647351	0.07488339599512983	4714496
686	tests/uf100-430/uf100-0342.cnf	true	0.074685282	0.07491435400152113	4706304
687	tests/uf100-430/uf100-0360.cnf	true	0.074859115	0.07519725398742594	4714496
688	tests/uf100-430/uf100-0864.cnf	true	0.074896737	0.07569280399184208	4628480
689	tests/uf100-430/uf100-0323.cnf	true	0.074969474	0.07526920600503217	4640768
690	tests/uf100-430/uf100-083.cnf	true	0.075066301	0.07541255101386923	4657152
691	tests/uf100-430/uf100-0831.cnf	true	0.07512785	0.07539503900625277	4734976
692	tests/uf100-430/uf100-0646.cnf	true	0.075161769	0.075404677001643	4657152
693	tests/uf100-430/uf100-0611.cnf	true	0.075323628	0.0755976130021736	4710400
694	tests/uf100-430/uf100-0652.cnf	true	0.075397107	0.07572018000064418	4636672
695	tests/uf100-430/uf100-0999.cnf	true	0.075640743	0.07800484099425375	4653056
696	tests/uf100-430/uf100-0758.cnf	true	0.075874608	0.07618951100448612	4661248
697	tests/uf100-430/uf100-0713.cnf	true	0.075895596	0.07636772000114433	4657152
698	tests/uf100-430/uf100-0980.cnf	true	0.076074167	0.07634041900746524	4706304
699	tests/uf100-430/uf100-0314.cnf	true	0.076257124	0.07666971000435296	4689920
700	tests/uf100-430/uf100-0681.cnf	true	0.076300093	0.07739251300517935	4714496
701	tests/uf100-430/uf100-0566.cnf	true	0.076447344	0.07687038500444032	4706304
702	tests/uf100-430/uf100-0621.cnf	true	0.076575406	0.07686905300943181	4669440
703	tests/uf100-430/uf100-0523.cnf	true	0.076604166	0.07685594700160436	4714496
704	tests/uf100-430/uf100-0113.cnf	true	0.076651054	0.07732793499599211	4710400
705	tests/uf100-430/uf100-0850.cnf	true	0.076684678	0.07696168799884617	4665344
706	tests/uf100-430/uf100-0122.cnf	true	0.07675255	0.07700914501037914	4628480
707	tests/uf100-430/uf100-023.cnf	true	0.07705489	0.07761262598796748	4714496
708	tests/uf100-430/uf100-0407.cnf	true	0.077087273	0.0774165710026864	4669440
709	tests/uf100-430/uf100-0393.cnf	true	0.077257066	0.07755884600919671	4706304
710	tests/uf100-430/uf100-0949.cnf	true	0.07738798	0.07764305399905425	4726784
711	tests/uf100-430/uf100-0828.cnf	true	0.077468472	0.0777350089920219	4685824
712	tests/uf100-430/uf100-0926.cnf	true	0.077588046	0.07802477100631222	4689920
713	tests/uf100-430/uf100-0974.cnf	true	0.077622744	0.0782508609991055	4644864
714	tests/uf100-430/uf100-0385.cnf	true	0.077682043	0.07803682799567468	4665344
715	tests/uf100-430/uf100-0613.cnf	true	0.077745557	0.07797560299513862	4657152
716	tests/uf100-430/uf100-0785.cnf	true	0.078020396	0.07853012300620321	4681728
717	tests/uf100-430/uf100-0456.cnf	true	0.078212018	0.08206859300844371	4669440
718	tests/uf100-430/uf100-0786.cnf	true	0.078244577	0.07864364598935936	4739072
719	tests/uf100-430/uf100-0833.cnf	true	0.078456215	0.07873938299599104	4673536
720	tests/uf100-430/uf100-0767.cnf	true	0.078530707	0.07907421300478745	4702208
721	tests/uf100-430/uf100-0919.cnf	true	0.078593757	0.07884481600194704	4706304
722	tests/uf100-430/uf100-0789.cnf	true	0.078689032	0.08176366699626669	4714496
723	tests/uf100-430/uf100-0685.cnf	true	0.078789045	0.07922300600330345	4718592
724	tests/uf100-430/uf100-0659.cnf	true	0.078813295	0.08031365000351798	4653056
725	tests/uf100-430/uf100-036.cnf	true	0.079216453	0.07948196399956942	4710400
726	tests/uf100-430/uf100-0129.cnf	true	0.079481473	0.07991241299896501	4661248
727	tests/uf100-430/uf100-0825.cnf	true	0.079616615	0.08015864100889303	4722688
728	tests/uf100-430/uf100-0911.cnf	true	0.080320814	0.08059620499261655	4710400
729	tests/uf100-430/uf100-0934.cnf	true	0.080357576	0.08097220701165497	4669440
730	tests/uf100-430/uf100-0309.cnf	true	0.080459485	0.08079183899099007	4640768
731	tests/uf100-430/uf100-0374.cnf	true	0.080539061	0.08123902299848851	4714496
732	tests/uf100-430/uf100-0907.cnf	true	0.080724041	0.08111570200708229	4722688
733	tests/uf100-430/uf100-0106.cnf	true	0.080776106	0.08160254399990663	4714496
734	tests/uf100-430/uf100-037.cnf	true	0.081010501	0.08126488499692641	4661248
735	tests/uf100-430/uf100-0586.cnf	true	0.081099718	0.08290313200268429	4702208
736	tests/uf100-430/uf100-0792.cnf	true	0.081585601	0.08189046500774566	4722688
737	tests/uf100-430/uf100-0939.cnf	true	0.081703056	0.08217182299995329	4714496
738	tests/uf100-430/uf100-0627.cnf	true	0.081735066	0.08199681900441647	4628480
739	tests/uf100-430/uf100-0643.cnf	true	0.081811113	0.08222278399625793	4734976
740	tests/uf100-430/uf100-078.cnf	true	0.082033593	0.08287947200005874	4673536
741	tests/uf100-430/uf100-0532.cnf	true	0.082050277	0.08241610501136165	4702208
742	tests/uf100-430/uf100-0501.cnf	true	0.082059493	0.08239775299443863	4632576
743	tests/uf100-430/uf100-0830.cnf	true	0.082343924	0.08267698300187476	4636672
744	tests/uf100-430/uf100-0905.cnf	true	0.082561255	0.0888468240009388	4644864
745	tests/uf100-430/uf100-0313.cnf	true	0.082853808	0.08307793700078037	4718592
746	tests/uf100-430/uf100-0881.cnf	true	0.082958035	0.08361153700388968	4710400
747	tests/uf100-430/uf100-0474.cnf	true	0.083065018	0.08333263399254065	4706304
748	tests/uf100-430/uf100-0742.cnf	true	0.083070161	0.08335529499163385	4710400
749	tests/uf100-430/uf100-0282.cnf	true	0.083106298	0.08337687099992763	4657152
750	tests/uf100-430/uf100-0201.cnf	true	0.083173835	0.08349893099511974	4665344
751	tests/uf100-430/uf100-0870.cnf	true	0.083188533	0.08401555599994026	4648960
752	tests/uf100-430/uf100-0725.cnf	true	0.083198845	0.0835382369987201	4722688
753	tests/uf100-430/uf100-0985.cnf	true	0.083221297	0.08509759200387634	4661248
754	tests/uf100-430/uf100-0503.cnf	true	0.08339099	0.08361702901311219	4714496
755	tests/uf100-430/uf100-0426.cnf	true	0.083456042	0.0839219619956566	4734976
756	tests/uf100-430/uf100-055.cnf	true	0.083600299	0.08458252999116667	4653056
757	tests/uf100-430/uf100-0918.cnf	true	0.083617554	0.08400793799955864	4714496
758	tests/uf100-430/uf100-0511.cnf	true	0.083940529	0.08432694699149579	4726784
759	tests/uf100-430/uf100-039.cnf	true	0.083999655	0.08424845800618641	4718592
760	tests/uf100-430/uf100-0473.cnf	true	0.08435119	0.08501979299762752	4653056
761	tests/uf100-430/uf100-0379.cnf	true	0.084358741	0.08458720399357844	4710400
762	tests/uf100-430/uf100-0148.cnf	true	0.084408666	0.08497367799282074	4657152
763	tests/uf100-430/uf100-0132.cnf	true	0.084770247	0.08502386299369391	4640768
764	tests/uf100-430/uf100-0874.cnf	true	0.085114728	0.08536793800885789	4632576
765	tests/uf100-430/uf100-0299.cnf	true	0.085177093	0.08546622699941508	4632576
766	tests/uf100-430/uf100-0373.cnf	true	0.085561246	0.08582174700859468	4689920
767	tests/uf100-430/uf100-0138.cnf	true	0.085901516	0.08627485600300133	4661248
768	tests/uf100-430/uf100-0441.cnf	true	0.086445056	0.08709060499677435	4681728
769	tests/uf100-430/uf100-0351.cnf	true	0.086608716	0.08683959300105926	4657152
770	tests/uf100-430/uf100-0938.cnf	true	0.086665824	0.08699898999475408	4706304
771	tests/uf100-430/uf100-0595.cnf	true	0.087025478	0.08726282301358879	4694016
772	tests/uf100-430/uf100-0745.cnf	true	0.087113862	0.08734616699803155	4661248
773	tests/uf100-430/uf100-0935.cnf	true	0.08720491	0.08745377400191501	4632576
774	tests/uf100-430/uf100-0296.cnf	true	0.087608221	0.08792737999465317	4710400
775	tests/uf100-430/uf100-0747.cnf	true	0.088335872	0.08859972200298216	4710400
776	tests/uf100-430/uf100-0454.cnf	true	0.088341184	0.08866669400595129	4698112
777	tests/uf100-430/uf100-0219.cnf	true	0.088708799	0.08904678700491786	4661248
778	tests/uf100-430/uf100-0565.cnf	true	0.088800444	0.08905481800320558	4734976
779	tests/uf100-430/uf100-0416.cnf	true	0.089472675	0.09002144700207282	4677632
780	tests/uf100-430/uf100-0509.cnf	true	0.090531261	0.0931853969959775	4702208
781	tests/uf100-430/uf100-0773.cnf	true	0.0906135	0.09090572300192434	4644864
782	tests/uf100-430/uf100-0851.cnf	true	0.090661136	0.0909341849910561	4726784
783	tests/uf100-430/uf100-0967.cnf	true	0.091291452	0.0915732930006925	4710400
784	tests/uf100-430/uf100-074.cnf	true	0.091419269	0.09189445999800228	4644864
785	tests/uf100-430/uf100-091.cnf	true	0.09148999	0.09187475600629114	4669440
786	tests/uf100-430/uf100-0602.cnf	true	0.09157324	0.09202729399839882	4661248
787	tests/uf100-430/uf100-0877.cnf	true	0.091828913	0.09220382900093682	4640768
788	tests/uf100-430/uf100-0796.cnf	true	0.091987384	0.09222911100368947	4726784
789	tests/uf100-430/uf100-0325.cnf	true	0.09217701	0.0925817279930925	4640768
790	tests/uf100-430/uf100-0326.cnf	true	0.092474188	0.09282393798639532	4657152
791	tests/uf100-430/uf100-0629.cnf	true	0.092850368	0.09318306398927234	4714496
792	tests/uf100-430/uf100-0183.cnf	true	0.093237554	0.09356290398864076	4730880
793	tests/uf100-430/uf100-0890.cnf	true	0.093353638	0.09376093199534807	4624384
794	tests/uf100-430/uf100-0563.cnf	true	0.09338097	0.09611391900398303	4730880
795	tests/uf100-430/uf100-0406.cnf	true	0.093494472	0.09376026400423143	4673536
796	tests/uf100-430/uf100-0243.cnf	true	0.093516776	0.09374072200444061	4661248
797	tests/uf100-430/uf100-0294.cnf	true	0.093758338	0.09417616100108717	4694016
798	tests/uf100-430/uf100-0220.cnf	true	0.093821638	0.09417096500692423	4657152
799	tests/uf100-430/uf100-0673.cnf	true	0.094199706	0.09442039400164504	4710400
800	tests/uf100-430/uf100-0827.cnf	true	0.094212074	0.09508278200519271	4710400
801	tests/uf100-430/uf100-0381.cnf	true	0.094306813	0.09464252399629913	4620288
802	tests/uf100-430/uf100-0558.cnf	true	0.094518567	0.09494724000978749	4657152
803	tests/uf100-430/uf100-0202.cnf	true	0.094552508	0.0951327200018568	4661248
804	tests/uf100-430/uf100-061.cnf	true	0.095023422	0.09540647600078955	4669440
805	tests/uf100-430/uf100-0436.cnf	true	0.095065852	0.09546335299091879	4689920
806	tests/uf100-430/uf100-0888.cnf	true	0.095291264	0.09567264300130773	4710400
807	tests/uf100-430/uf100-0765.cnf	true	0.095339427	0.09571048500947654	4706304
808	tests/uf100-430/uf100-0569.cnf	true	0.095676302	0.09593808501085732	4698112
809	tests/uf100-430/uf100-07.cnf	true	0.096080612	0.09632763800618704	4702208
810	tests/uf100-430/uf100-0159.cnf	true	0.096104678	0.09789999299391638	4665344
811	tests/uf100-430/uf100-0732.cnf	true	0.096124018	0.09638234300655313	4710400
812	tests/uf100-430/uf100-0429.cnf	true	0.096302353	0.09704360099567566	4677632
813	tests/uf100-430/uf100-0423.cnf	true	0.096463147	0.0971664380049333	4722688
814	tests/uf100-430/uf100-0425.cnf	true	0.096695404	0.09703559799527284	4726784
815	tests/uf100-430/uf100-0528.cnf	true	0.096964976	0.09724169799301308	4714496
816	tests/uf100-430/uf100-0205.cnf	true	0.097314692	0.0975771950033959	4681728
817	tests/uf100-430/uf100-0495.cnf	true	0.097395576	0.09766517698881216	4673536
818	tests/uf100-430/uf100-0346.cnf	true	0.097755961	0.09812191298988182	4706304
819	tests/uf100-430/uf100-0162.cnf	true	0.097778747	0.0980426530004479	4669440
820	tests/uf100-430/uf100-0297.cnf	true	0.097929142	0.0982729039969854	4698112
821	tests/uf100-430/uf100-0151.cnf	true	0.098271167	0.10133377500460483	4657152
822	tests/uf100-430/uf100-0599.cnf	true	0.098525108	0.09909742099989671	4669440
823	tests/uf100-430/uf100-0261.cnf	true	0.098741088	0.09905540700128768	4644864
824	tests/uf100-430/uf100-0965.cnf	true	0.099100804	0.09971650199440774	4710400
825	tests/uf100-430/uf100-0531.cnf	true	0.09934065	0.09960878000129014	4673536
826	tests/uf100-430/uf100-0257.cnf	true	0.099486694	0.09985108199180104	4710400
827	tests/uf100-430/uf100-0705.cnf	true	0.099647696	0.0998972979868995	4710400
828	tests/uf100-430/uf100-0996.cnf	true	0.099722674	0.10012083699984942	4657152
829	tests/uf100-430/uf100-041.cnf	true	0.099918378	0.10017564000736456	4669440
830	tests/uf100-430/uf100-0663.cnf	true	0.100349773	0.10067301298840903	4648960
831	tests/uf100-430/uf100-0517.cnf	true	0.10040288	0.10068537699407898	4710400
832	tests/uf100-430/uf100-0278.cnf	true	0.100867175	0.10147180399508215	4661248
833	tests/uf100-430/uf100-0941.cnf	true	0.100902591	0.10113857399846893	4669440
834	tests/uf100-430/uf100-0398.cnf	true	0.101244928	0.10168411700578872	4694016
835	tests/uf100-430/uf100-0146.cnf	true	0.1015129	0.10177728399867192	4706304
836	tests/uf100-430/uf100-0191.cnf	true	0.101635632	0.10392924401094206	4657152
837	tests/uf100-430/uf100-0914.cnf	true	0.101681878	0.1019759139890084	4710400
838	tests/uf100-430/uf100-0383.cnf	true	0.101743267	0.10281696100719273	4718592
839	tests/uf100-430/uf100-0780.cnf	true	0.101748153	0.10199608201219235	4726784
840	tests/uf100-430/uf100-0636.cnf	true	0.101759553	0.10213486399152316	4714496
841	tests/uf100-430/uf100-0158.cnf	true	0.101812025	0.1021479740011273	4657152
842	tests/uf100-430/uf100-0534.cnf	true	0.101824116	0.1020548780070385	4714496
843	tests/uf100-430/uf100-0940.cnf	true	0.10223065	0.1026895830000285	4636672
844	tests/uf100-430/uf100-0466.cnf	true	0.10225585	0.10254507999343332	4702208
845	tests/uf100-430/uf100-0468.cnf	true	0.102270595	0.10255054500885308	4698112
846	tests/uf100-430/uf100-0576.cnf	true	0.102538478	0.10278320498764515	4710400
847	tests/uf100-430/uf100-068.cnf	true	0.102961107	0.10339510600897484	4648960
848	tests/uf100-430/uf100-0973.cnf	true	0.103788436	0.1040476459893398	4628480
849	tests/uf100-430/uf100-0137.cnf	true	0.104070748	0.10434801899828017	4665344
850	tests/uf100-430/uf100-0114.cnf	true	0.104259919	0.10461834300076589	4714496
851	tests/uf100-430/uf100-0557.cnf	true	0.104377205	0.10469563999504317	4718592
852	tests/uf100-430/uf100-0585.cnf	true	0.10440375	0.10466026699577924	4718592
853	tests/uf100-430/uf100-0300.cnf	true	0.104487035	0.10474589199293405	4669440
854	tests/uf100-430/uf100-0127.cnf	true	0.104564608	0.10492420798982494	4710400
855	tests/uf100-430/uf100-08.cnf	true	0.104705252	0.10524217100464739	4665344
856	tests/uf100-430/uf100-0430.cnf	true	0.105185036	0.10564347098988947	4644864
857	tests/uf100-430/uf100-0477.cnf	true	0.105891151	0.1064893500006292	4624384
858	tests/uf100-430/uf100-0403.cnf	true	0.105998169	0.10628484099288471	4669440
859	tests/uf100-430/uf100-0944.cnf	true	0.106008405	0.10628357299719937	4644864
860	tests/uf100-430/uf100-0347.cnf	true	0.106039903	0.10632663899741601	4730880
861	tests/uf100-430/uf100-0226.cnf	true	0.106086361	0.10633624900947325	4685824
862	tests/uf100-430/uf100-0709.cnf	true	0.106592162	0.10710052300419193	4636672
863	tests/uf100-430/uf100-0910.cnf	true	0.10660516	0.10694733000127599	4673536
864	tests/uf100-430/uf100-0350.cnf	true	0.107338683	0.1078114810079569	4730880
865	tests/uf100-430/uf100-0200.cnf	true	0.107461054	0.10779209999600425	4665344
866	tests/uf100-430/uf100-0142.cnf	true	0.107503357	0.10778630900313146	4620288
867	tests/uf100-430/uf100-0196.cnf	true	0.10752119	0.10793244099477306	4718592
868	tests/uf100-430/uf100-0632.cnf	true	0.107590268	0.10807566599396523	4669440
869	tests/uf100-430/uf100-0672.cnf	true	0.107717803	0.10803906100045424	4669440
870	tests/uf100-430/uf100-0904.cnf	true	0.10787626	0.10815544000070076	4706304
871	tests/uf100-430/uf100-0214.cnf	true	0.108687311	0.10891025001183152	4710400
872	tests/uf100-430/uf100-0772.cnf	true	0.108946195	0.10931130200333428	4632576
873	tests/uf100-430/uf100-0409.cnf	true	0.108991516	0.10923970400472172	4648960
874	tests/uf100-430/uf100-0997.cnf	true	0.109336733	0.10973665499477647	4669440
875	tests/uf100-430/uf100-0814.cnf	true	0.109894924	0.1102833089971682	4710400
876	tests/uf100-430/uf100-0676.cnf	true	0.110003509	0.11036533799779136	4710400
877	tests/uf100-430/uf100-0697.cnf	true	0.110079634	0.11039322201395407	4689920
878	tests/uf100-430/uf100-0421.cnf	true	0.110369993	0.11087021300045308	4722688
879	tests/uf100-430/uf100-0457.cnf	true	0.11085583	0.1111210620001657	4653056
880	tests/uf100-430/uf100-092.cnf	true	0.110945387	0.11120661199674942	4669440
881	tests/uf100-430/uf100-0716.cnf	true	0.110986473	0.11124944800394587	4710400
882	tests/uf100-430/uf100-0272.cnf	true	0.111051567	0.11136830299801659	4710400
883	tests/uf100-430/uf100-0729.cnf	true	0.111401846	0.11165351000090595	4714496
884	tests/uf100-430/uf100-0515.cnf	true	0.111531476	0.11184076800418552	4648960
885	tests/uf100-430/uf100-0733.cnf	true	0.111900533	0.11219970000092871	4710400
886	tests/uf100-430/uf100-059.cnf	true	0.112381093	0.11283240000193473	4665344
887	tests/uf100-430/uf100-0690.cnf	true	0.112440239	0.11274282200611196	4710400
888	tests/uf100-430/uf100-0931.cnf	true	0.112782293	0.11304255199502222	4710400
889	tests/uf100-430/uf100-0334.cnf	true	0.112978586	0.11325520600075833	4718592
890	tests/uf100-430/uf100-0669.cnf	true	0.112999885	0.11328602899448015	4640768
891	tests/uf100-430/uf100-090.cnf	true	0.113100233	0.11348242800158914	4718592
892	tests/uf100-430/uf100-0353.cnf	true	0.113634973	0.11467883600562345	4722688
893	tests/uf100-430/uf100-0801.cnf	true	0.114109667	0.11439938000694383	4730880
894	tests/uf100-430/uf100-0699.cnf	true	0.114204433	0.11443507099465933	4677632
895	tests/uf100-430/uf100-0561.cnf	true	0.114677949	0.11500031600007787	4661248
896	tests/uf100-430/uf100-0263.cnf	true	0.1147716	0.11503156399703585	4636672
897	tests/uf100-430/uf100-0860.cnf	true	0.11478397	0.11506985398591496	4714496
898	tests/uf100-430/uf100-052.cnf	true	0.114796275	0.11567821400240064	4706304
899	tests/uf100-430/uf100-0684.cnf	true	0.114857432	0.1170511410018662	4669440
900	tests/uf100-430/uf100-0596.cnf	true	0.115046241	0.1154197060095612	4706304
901	tests/uf100-430/uf100-0894.cnf	true	0.115086849	0.11583238599996548	4730880
902	tests/uf100-430/uf100-0671.cnf	true	0.115277644	0.11548854599823244	4661248
903	tests/uf100-430/uf100-0654.cnf	true	0.115759579	0.11602923100872431	4657152
904	tests/uf100-430/uf100-0882.cnf	true	0.115806494	0.1176226389943622	4648960
905	tests/uf100-430/uf100-0306.cnf	true	0.115809252	0.1195376140094595	4644864
906	tests/uf100-430/uf100-0125.cnf	true	0.115923592	0.11678434700297657	4722688
907	tests/uf100-430/uf100-0689.cnf	true	0.116011099	0.11625277399434708	4677632
908	tests/uf100-430/uf100-0328.cnf	true	0.116493641	0.1204368449980393	4710400
909	tests/uf100-430/uf100-0178.cnf	true	0.116681734	0.11696012799802702	4620288
910	tests/uf100-430/uf100-0879.cnf	true	0.11745959	0.11774556200543884	4714496
911	tests/uf100-430/uf100-0906.cnf	true	0.11761451	0.11815504400874488	4702208
912	tests/uf100-430/uf100-084.cnf	true	0.118053641	0.11848583800019696	4657152
913	tests/uf100-430/uf100-050.cnf	true	0.118318956	0.11873909400310367	4710400
914	tests/uf100-430/uf100-0371.cnf	true	0.119770141	0.12019367401080672	4669440
915	tests/uf100-430/uf100-0899.cnf	true	0.120204785	0.12070107200997882	4648960
916	tests/uf100-430/uf100-0838.cnf	true	0.120328097	0.1214554010075517	4710400
917	tests/uf100-430/uf100-0962.cnf	true	0.120650088	0.12106390600092709	4702208
918	tests/uf100-430/uf100-0370.cnf	true	0.120665873	0.12544870800047647	4726784
919	tests/uf100-430/uf100-0165.cnf	true	0.120789911	0.12103978201048449	4706304
920	tests/uf100-430/uf100-0225.cnf	true	0.122142077	0.12265402899356559	4702208
921	tests/uf100-430/uf100-0703.cnf	true	0.123093841	0.1236371099948883	4653056
922	tests/uf100-430/uf100-0420.cnf	true	0.123621393	0.12391977400693577	4636672
923	tests/uf100-430/uf100-0248.cnf	true	0.123624323	0.12389764000545256	4665344
924	tests/uf100-430/uf100-0281.cnf	true	0.124560932	0.12496505700983107	4661248
925	tests/uf100-430/uf100-0950.cnf	true	0.124577226	0.1250855669932207	4632576
926	tests/uf100-430/uf100-0544.cnf	true	0.124759835	0.1253765589935938	4685824
927	tests/uf100-430/uf100-0469.cnf	true	0.12539016	0.12565955400350504	4694016
928	tests/uf100-430/uf100-0956.cnf	true	0.125580922	0.1258856589993229	4648960
929	tests/uf100-430/uf100-0867.cnf	true	0.126055542	0.12646235700231045	4726784
930	tests/uf100-430/uf100-0959.cnf	true	0.126245805	0.12652583999442868	4718592
931	tests/uf100-430/uf100-056.cnf	true	0.126672202	0.12693684399710037	4644864
932	tests/uf100-430/uf100-0414.cnf	true	0.126753958	0.126989987998968	4722688
933	tests/uf100-430/uf100-0750.cnf	true	0.126901805	0.12718502100324258	4714496
934	tests/uf100-430/uf100-0221.cnf	true	0.127519806	0.12782018099096604	4710400
935	tests/uf100-430/uf100-046.cnf	true	0.127539285	0.12871258899394888	4661248
936	tests/uf100-430/uf100-0331.cnf	true	0.127669293	0.1280420709954342	4702208
937	tests/uf100-430/uf100-0446.cnf	true	0.128789233	0.12904596100270282	4636672
938	tests/uf100-430/uf100-043.cnf	true	0.128899997	0.1294639819971053	4714496
939	tests/uf100-430/uf100-0135.cnf	true	0.129292726	0.12991883300128393	4710400
940	tests/uf100-430/uf100-0199.cnf	true	0.131293565	0.13192634799634106	4657152
941	tests/uf100-430/uf100-0518.cnf	true	0.132150862	0.13243738700111862	4669440
942	tests/uf100-430/uf100-088.cnf	true	0.132422336	0.13264280199655332	4706304
943	tests/uf100-430/uf100-0455.cnf	true	0.132751644	0.13308958399284165	4706304
944	tests/uf100-430/uf100-0759.cnf	true	0.133840321	0.13610446600068826	4730880
945	tests/uf100-430/uf100-0539.cnf	true	0.138440252	0.13902429598965682	4665344
946	tests/uf100-430/uf100-048.cnf	true	0.139408836	0.13988641199830454	4653056
947	tests/uf100-430/uf100-0731.cnf	true	0.139519732	0.1399663890042575	4718592
948	tests/uf100-430/uf100-0324.cnf	true	0.139860402	0.14030102199467365	4714496
949	tests/uf100-430/uf100-0310.cnf	true	0.14044759	0.14078474999405444	4657152
950	tests/uf100-430/uf100-0123.cnf	true	0.140488669	0.1409604410000611	4726784
951	tests/uf100-430/uf100-0368.cnf	true	0.141017346	0.1413545539980987	4706304
952	tests/uf100-430/uf100-0103.cnf	true	0.141821907	0.1420957259979332	4706304
953	tests/uf100-430/uf100-0277.cnf	true	0.141953708	0.1430074660020182	4677632
954	tests/uf100-430/uf100-0110.cnf	true	0.142382637	0.14265107599203475	4718592
955	tests/uf100-430/uf100-0499.cnf	true	0.143423198	0.14366425600019284	4653056
956	tests/uf100-430/uf100-0625.cnf	true	0.143558247	0.14383946200541686	4722688
957	tests/uf100-430/uf100-086.cnf	true	0.144648108	0.1448892589978641	4702208
958	tests/uf100-430/uf100-076.cnf	true	0.145405263	0.14568826599861495	4706304
959	tests/uf100-430/uf100-0884.cnf	true	0.145724031	0.14623067299544346	4726784
960	tests/uf100-430/uf100-0591.cnf	true	0.146379066	0.1469410089921439	4677632
961	tests/uf100-430/uf100-0626.cnf	true	0.146635389	0.14690032399084885	4706304
962	tests/uf100-430/uf100-0798.cnf	true	0.146755485	0.14756585999566596	4714496
963	tests/uf100-430/uf100-0988.cnf	true	0.147454086	0.1477339589910116	4624384
964	tests/uf100-430/uf100-0195.cnf	true	0.147740433	0.14817661899724044	4644864
965	tests/uf100-430/uf100-0878.cnf	true	0.147888016	0.14811131900933105	4644864
966	tests/uf100-430/uf100-0856.cnf	true	0.14841841	0.15427895900211297	4661248
967	tests/uf100-430/uf100-0488.cnf	true	0.148708405	0.14896587800467387	4706304
968	tests/uf100-430/uf100-0399.cnf	true	0.149006277	0.14937242199084722	4730880
969	tests/uf100-430/uf100-0915.cnf	true	0.149794756	0.15009010999347083	4657152
970	tests/uf100-430/uf100-016.cnf	true	0.150378983	0.15061287498974707	4706304
971	tests/uf100-430/uf100-0285.cnf	true	0.151641566	0.1521204220043728	4640768
972	tests/uf100-430/uf100-0677.cnf	true	0.153601129	0.1545747940108413	4665344
973	tests/uf100-430/uf100-0808.cnf	true	0.153885219	0.15421044100366998	4644864
974	tests/uf100-430/uf100-0702.cnf	true	0.155135418	0.15572489799524192	4722688
975	tests/uf100-430/uf100-0846.cnf	true	0.159937813	0.16047547999187373	4653056
976	tests/uf100-430/uf100-0316.cnf	true	0.160533393	0.16089957700751256	4710400
977	tests/uf100-430/uf100-0193.cnf	true	0.160781703	0.16128938600013498	4624384
978	tests/uf100-430/uf100-0432.cnf	true	0.166703747	0.16694094199920073	4734976
979	tests/uf100-430/uf100-0140.cnf	true	0.168507399	0.16897649700695183	4714496
980	tests/uf100-430/uf100-0390.cnf	true	0.168817364	0.16930823800794315	4657152
981	tests/uf100-430/uf100-0317.cnf	true	0.170426772	0.1717026749975048	4706304
982	tests/uf100-430/uf100-0307.cnf	true	0.171728521	0.17199653100396972	4710400
983	tests/uf100-430/uf100-0260.cnf	true	0.172312791	0.17262697700061835	4726784
984	tests/uf100-430/uf100-0648.cnf	true	0.175335649	0.1756091639981605	4657152
985	tests/uf100-430/uf100-0900.cnf	true	0.178660669	0.17920620100630913	4718592
986	tests/uf100-430/uf100-0724.cnf	true	0.184180936	0.18444059800822288	4644864
987	tests/uf100-430/uf100-0955.cnf	true	0.184662292	0.1849356830061879	4730880
988	tests/uf100-430/uf100-011.cnf	true	0.186826183	0.18723496100574266	4661248
989	tests/uf100-430/uf100-0946.cnf	true	0.19458399	0.195447256002808	4702208
990	tests/uf100-430/uf100-0683.cnf	true	0.197057196	0.19754453501082025	4648960
991	tests/uf100-430/uf100-0678.cnf	true	0.202272165	0.2026490350108361	4661248
992	tests/uf100-430/uf100-0102.cnf	true	0.204342801	0.2074732250039233	4710400
993	tests/uf100-430/uf100-0550.cnf	true	0.20750834	0.20805332499730866	4685824
994	tests/uf100-430/uf100-0401.cnf	true	0.208234187	0.20900870399782434	4636672
995	tests/uf100-430/uf100-0889.cnf	true	0.21095089	0.21118330900208093	4644864
996	tests/uf100-430/uf100-0452.cnf	true	0.211912606	0.21222665200184565	4694016
997	tests/uf100-430/uf100-0453.cnf	true	0.237553977	0.23781868699006736	4710400
998	tests/uf100-430/uf100-0427.cnf	true	0.245730834	0.2460244079993572	4661248
999	tests/uf100-430/uf100-0519.cnf	true	0.250682331	0.26601170300273225	4710400
1000	tests/uf100-430/uf100-0608.cnf	true	0.270356253	0.27069457901234273	4665344
