1	tests/uuf100-430/uuf100-0631.cnf	false	0.048967253	0.0493709879956441	4718592
2	tests/uuf100-430/uuf100-0169.cnf	false	0.056021057	0.056273491005413234	4710400
3	tests/uuf100-430/uuf100-098.cnf	false	0.057234607	0.05755590400076471	4628480
4	tests/uuf100-430/uuf100-0858.cnf	false	0.059292538	0.05992767600400839	4673536
5	tests/uuf100-430/uuf100-0948.cnf	false	0.061182883	0.061508729006163776	4648960
6	tests/uuf100-430/uuf100-0167.cnf	false	0.062093687	0.06278209800075274	4653056
7	tests/uuf100-430/uuf100-0871.cnf	false	0.062968841	0.06357245398976374	4661248
8	tests/uuf100-430/uuf100-0409.cnf	false	0.063028276	0.06371266400674358	4718592
9	tests/uuf100-430/uuf100-0662.cnf	false	0.063633417	0.0640979660092853	4714496
10	tests/uuf100-430/uuf100-0334.cnf	false	0.064350418	0.06473575500422157	4710400
11	tests/uuf100-430/uuf100-0275.cnf	false	0.064884303	0.06522970700461883	4718592
12	tests/uuf100-430/uuf100-0576.cnf	false	0.065174746	0.06560487698880024	4640768
13	tests/uuf100-430/uuf100-0291.cnf	false	0.065954943	0.06739595699764322	4648960
14	tests/uuf100-430/uuf100-0860.cnf	false	0.066966826	0.06740309399901889	4722688
15	tests/uuf100-430/uuf100-0433.cnf	false	0.067148991	0.06749294500332326	4673536
16	tests/uuf100-430/uuf100-0636.cnf	false	0.067370926	0.06776340800570324	4722688
17	tests/uuf100-430/uuf100-0695.cnf	false	0.067576909	0.06791592799709179	4657152
18	tests/uuf100-430/uuf100-0520.cnf	false	0.068077856	0.06838764200801961	4657152
19	tests/uuf100-430/uuf100-0303.cnf	false	0.068196124	0.06912866499624215	4718592
20	tests/uuf100-430/uuf100-0634.cnf	false	0.069461873	0.07019566099916119	4665344
21	tests/uuf100-430/uuf100-0372.cnf	false	0.069839329	0.07016676699277014	4661248
22	tests/uuf100-430/uuf100-0696.cnf	false	0.070029572	0.0703337690065382	4722688
23	tests/uuf100-430/uuf100-0600.cnf	false	0.070243656	0.07061176700517535	4657152
24	tests/uuf100-430/uuf100-0478.cnf	false	0.070432445	0.0707772610039683	4636672
25	tests/uuf100-430/uuf100-06.cnf	false	0.071260203	0.07151378100388683	4710400
26	tests/uuf100-430/uuf100-064.cnf	false	0.071767399	0.0719975429965416	4706304
27	tests/uuf100-430/uuf100-0300.cnf	false	0.071768513	0.07198311599495355	4706304
28	tests/uuf100-430/uuf100-0564.cnf	false	0.072367151	0.07294436400115956	4718592
29	tests/uuf100-430/uuf100-0363.cnf	false	0.072627582	0.07302436399913859	4665344
30	tests/uuf100-430/uuf100-0109.cnf	false	0.072921819	0.0733155330090085	4714496
31	tests/uuf100-430/uuf100-0104.cnf	false	0.073641216	0.07393195500480942	4673536
32	tests/uuf100-430/uuf100-0572.cnf	false	0.073843657	0.0741205300000729	4730880
33	tests/uuf100-430/uuf100-0501.cnf	false	0.073928567	0.07448754498909693	4726784
34	tests/uuf100-430/uuf100-0218.cnf	false	0.074189955	0.07455064299574587	4665344
35	tests/uuf100-430/uuf100-0534.cnf	false	0.074222354	0.0745051970006898	4714496
36	tests/uuf100-430/uuf100-0101.cnf	false	0.074361084	0.07456525300221983	4714496
37	tests/uuf100-430/uuf100-0328.cnf	false	0.074824578	0.0751467639929615	4722688
38	tests/uuf100-430/uuf100-0308.cnf	false	0.07518341	0.0757180119981058	4673536
39	tests/uuf100-430/uuf100-0400.cnf	false	0.075211185	0.07579078400158323	4710400
40	tests/uuf100-430/uuf100-0170.cnf	false	0.075651972	0.07601057199644856	4726784
41	tests/uuf100-430/uuf100-0679.cnf	false	0.076133413	0.07642572800978087	4673536
42	tests/uuf100-430/uuf100-0829.cnf	false	0.076343299	0.07671585799835157	4657152
43	tests/uuf100-430/uuf100-0887.cnf	false	0.07681182	0.07749979900836479	4657152
44	tests/uuf100-430/uuf100-0678.cnf	false	0.077103746	0.07738506198802497	4710400
45	tests/uuf100-430/uuf100-0952.cnf	false	0.07726324	0.07775532300001942	4640768
46	tests/uuf100-430/uuf100-069.cnf	false	0.077395782	0.07807600699015893	4710400
47	tests/uuf100-430/uuf100-0398.cnf	false	0.077647933	0.07793815399054438	4620288
48	tests/uuf100-430/uuf100-0958.cnf	false	0.077966673	0.07831609599816147	4706304
49	tests/uuf100-430/uuf100-0164.cnf	false	0.078154353	0.07839689598768018	4665344
50	tests/uuf100-430/uuf100-0348.cnf	false	0.078238278	0.07888163800816983	4726784
51	tests/uuf100-430/uuf100-0802.cnf	false	0.078425078	0.07875007500115316	4710400
52	tests/uuf100-430/uuf100-0379.cnf	false	0.078953605	0.07947742399119306	4718592
53	tests/uuf100-430/uuf100-0732.cnf	false	0.079357577	0.08018584999081213	4661248
54	tests/uuf100-430/uuf100-0942.cnf	false	0.079437961	0.07974093400116544	4706304
55	tests/uuf100-430/uuf100-0999.cnf	false	0.080090312	0.080322548004915	4698112
56	tests/uuf100-430/uuf100-0885.cnf	false	0.08028826	0.08072395400085952	4661248
57	tests/uuf100-430/uuf100-0652.cnf	false	0.080630307	0.08106087599298917	4661248
58	tests/uuf100-430/uuf100-0127.cnf	false	0.080907664	0.08144019599421881	4730880
59	tests/uuf100-430/uuf100-0537.cnf	false	0.081384003	0.08173824498953763	4730880
60	tests/uuf100-430/uuf100-039.cnf	false	0.081670149	0.08195259999774862	4706304
61	tests/uuf100-430/uuf100-0510.cnf	false	0.081818286	0.08232136099832132	4661248
62	tests/uuf100-430/uuf100-0996.cnf	false	0.081851874	0.08377183999982662	4694016
63	tests/uuf100-430/uuf100-0133.cnf	false	0.082109916	0.08249959599925205	4653056
64	tests/uuf100-430/uuf100-0995.cnf	false	0.082312382	0.08273833901330363	4665344
65	tests/uuf100-430/uuf100-037.cnf	false	0.082376755	0.08278213599987794	4710400
66	tests/uuf100-430/uuf100-0630.cnf	false	0.082381664	0.0837727860052837	4710400
67	tests/uuf100-430/uuf100-0321.cnf	false	0.08270305	0.0831196430081036	4726784
68	tests/uuf100-430/uuf100-0573.cnf	false	0.082897143	0.08323065500007942	4722688
69	tests/uuf100-430/uuf100-0690.cnf	false	0.082993496	0.08356739500595722	4644864
70	tests/uuf100-430/uuf100-0710.cnf	false	0.083114798	0.08345703600207344	4702208
71	tests/uuf100-430/uuf100-0441.cnf	false	0.083333828	0.08357941498979926	4702208
72	tests/uuf100-430/uuf100-0593.cnf	false	0.08340609	0.08389687800081447	4661248
73	tests/uuf100-430/uuf100-0687.cnf	false	0.083717339	0.0846150269935606	4710400
74	tests/uuf100-430/uuf100-0485.cnf	false	0.083923048	0.08438837400171906	4730880
75	tests/uuf100-430/uuf100-0193.cnf	false	0.084112182	0.08456393299275078	4710400
76	tests/uuf100-430/uuf100-0173.cnf	false	0.084197518	0.0853856320027262	4722688
77	tests/uuf100-430/uuf100-0112.cnf	false	0.084219884	0.08444874500855803	4718592
78	tests/uuf100-430/uuf100-0310.cnf	false	0.084287394	0.08452276099706069	4718592
79	tests/uuf100-430/uuf100-0890.cnf	false	0.084685641	0.08531222899910063	4722688
80	tests/uuf100-430/uuf100-0989.cnf	false	0.084811201	0.08510921300330665	4657152
81	tests/uuf100-430/uuf100-0358.cnf	false	0.085075635	0.0854310529975919	4669440
82	tests/uuf100-430/uuf100-0984.cnf	false	0.085153192	0.08564505400136113	4714496
83	tests/uuf100-430/uuf100-0454.cnf	false	0.085264538	0.08580788699327968	4628480
84	tests/uuf100-430/uuf100-0330.cnf	false	0.085459758	0.08582294599909801	4730880
85	tests/uuf100-430/uuf100-055.cnf	false	0.085569713	0.08646791899809614	4714496
86	tests/uuf100-430/uuf100-032.cnf	false	0.085866383	0.08630136099236552	4722688
87	tests/uuf100-430/uuf100-0896.cnf	false	0.086338829	0.08668452499841806	4648960
88	tests/uuf100-430/uuf100-0417.cnf	false	0.086588511	0.08733526499418076	4636672
89	tests/uuf100-430/uuf100-0146.cnf	false	0.086785175	0.0872375080070924	4657152
90	tests/uuf100-430/uuf100-0725.cnf	false	0.08680701	0.08715733700955752	4640768
91	tests/uuf100-430/uuf100-073.cnf	false	0.086974482	0.08737823000410572	4710400
92	tests/uuf100-430/uuf100-0731.cnf	false	0.087063479	0.08736349000537302	4706304
93	tests/uuf100-430/uuf100-0856.cnf	false	0.087262723	0.08899853799084667	4689920
94	tests/uuf100-430/uuf100-0339.cnf	false	0.0874841	0.08812096298788674	4718592
95	tests/uuf100-430/uuf100-0394.cnf	false	0.087587668	0.08809852199919987	4718592
96	tests/uuf100-430/uuf100-0592.cnf	false	0.087756349	0.08808028699422721	4665344
97	tests/uuf100-430/uuf100-0784.cnf	false	0.087759019	0.08816813699377235	4714496
98	tests/uuf100-430/uuf100-0781.cnf	false	0.087804532	0.08815278200199828	4636672
99	tests/uuf100-430/uuf100-0905.cnf	false	0.087907859	0.08849867800017819	4714496
100	tests/uuf100-430/uuf100-0406.cnf	false	0.08797127	0.08854931300447788	4669440
101	tests/uuf100-430/uuf100-0837.cnf	false	0.088042495	0.08851436999975704	4628480
102	tests/uuf100-430/uuf100-0327.cnf	false	0.088081524	0.08842438799911179	4657152
103	tests/uuf100-430/uuf100-046.cnf	false	0.088252671	0.0887098370003514	4722688
104	tests/uuf100-430/uuf100-0656.cnf	false	0.08848346	0.08874438000202645	4661248
105	tests/uuf100-430/uuf100-054.cnf	false	0.088496617	0.08934665400010999	4685824
106	tests/uuf100-430/uuf100-0637.cnf	false	0.088605583	0.08892394498980138	4661248
107	tests/uuf100-430/uuf100-0957.cnf	false	0.088653637	0.08927541101002134	4657152
108	tests/uuf100-430/uuf100-0447.cnf	false	0.088775154	0.08911203900061082	4726784
109	tests/uuf100-430/uuf100-0889.cnf	false	0.088943522	0.08927691100689117	4657152
110	tests/uuf100-430/uuf100-0722.cnf	false	0.088967357	0.08932012900186237	4677632
111	tests/uuf100-430/uuf100-0641.cnf	false	0.089037187	0.08944094099570066	4657152
112	tests/uuf100-430/uuf100-0118.cnf	false	0.089245465	0.08964242800720967	4657152
113	tests/uuf100-430/uuf100-0759.cnf	false	0.089284495	0.0897522719897097	4726784
114	tests/uuf100-430/uuf100-041.cnf	false	0.089390697	0.08994109599734657	4706304
115	tests/uuf100-430/uuf100-028.cnf	false	0.089611196	0.09005311499640811	4718592
116	tests/uuf100-430/uuf100-0953.cnf	false	0.089613667	0.08991233799315523	4644864
117	tests/uuf100-430/uuf100-0961.cnf	false	0.08977765	0.0909827139985282	4710400
118	tests/uuf100-430/uuf100-0973.cnf	false	0.08980124	0.0900958720012568	4726784
119	tests/uuf100-430/uuf100-0723.cnf	false	0.089895474	0.09027032098674681	4706304
120	tests/uuf100-430/uuf100-065.cnf	false	0.089898686	0.09022412799822632	4620288
121	tests/uuf100-430/uuf100-0849.cnf	false	0.089965965	0.09030731199891306	4714496
122	tests/uuf100-430/uuf100-0110.cnf	false	0.090207454	0.09054150099109393	4706304
123	tests/uuf100-430/uuf100-035.cnf	false	0.090217923	0.09056149498792365	4628480
124	tests/uuf100-430/uuf100-0345.cnf	false	0.090485734	0.09120073399390094	4710400
125	tests/uuf100-430/uuf100-0977.cnf	false	0.09050372	0.09078467599465512	4714496
126	tests/uuf100-430/uuf100-017.cnf	false	0.090524759	0.0909234869905049	4669440
127	tests/uuf100-430/uuf100-0681.cnf	false	0.090771757	0.0913467229984235	4706304
128	tests/uuf100-430/uuf100-0343.cnf	false	0.090846909	0.0911316810088465	4624384
129	tests/uuf100-430/uuf100-0116.cnf	false	0.091072933	0.09142075099225622	4657152
130	tests/uuf100-430/uuf100-0522.cnf	false	0.091158655	0.0913702099933289	4722688
131	tests/uuf100-430/uuf100-0635.cnf	false	0.091388227	0.09168608298932668	4710400
132	tests/uuf100-430/uuf100-0458.cnf	false	0.091442384	0.09171922798850574	4710400
133	tests/uuf100-430/uuf100-0854.cnf	false	0.091541485	0.09179914998821914	4677632
134	tests/uuf100-430/uuf100-051.cnf	false	0.091583266	0.09191055400879122	4673536
135	tests/uuf100-430/uuf100-0455.cnf	false	0.091741969	0.10084145500150044	4669440
136	tests/uuf100-430/uuf100-0754.cnf	false	0.091769438	0.09215233501163311	4661248
137	tests/uuf100-430/uuf100-0470.cnf	false	0.091843045	0.09220529899175745	4628480
138	tests/uuf100-430/uuf100-0307.cnf	false	0.091918099	0.09246259900100995	4685824
139	tests/uuf100-430/uuf100-0427.cnf	false	0.092443565	0.0928065920015797	4657152
140	tests/uuf100-430/uuf100-0391.cnf	false	0.092478324	0.09283406399481464	4714496
141	tests/uuf100-430/uuf100-0317.cnf	false	0.09250676	0.0931711880111834	4718592
142	tests/uuf100-430/uuf100-0565.cnf	false	0.092565384	0.0928578640014166	4710400
143	tests/uuf100-430/uuf100-0232.cnf	false	0.092927358	0.09319818699441385	4648960
144	tests/uuf100-430/uuf100-0325.cnf	false	0.093259509	0.09372086200164631	4710400
145	tests/uuf100-430/uuf100-0608.cnf	false	0.093527873	0.0939075549977133	4632576
146	tests/uuf100-430/uuf100-0250.cnf	false	0.093589944	0.0938876389991492	4665344
147	tests/uuf100-430/uuf100-0121.cnf	false	0.093597425	0.09419862399226986	4714496
148	tests/uuf100-430/uuf100-0909.cnf	false	0.094091055	0.09449777299596462	4669440
149	tests/uuf100-430/uuf100-012.cnf	false	0.094141255	0.09650805799174123	4657152
150	tests/uuf100-430/uuf100-0223.cnf	false	0.0942288	0.09481299099570606	4694016
151	tests/uuf100-430/uuf100-030.cnf	false	0.094244208	0.09456462200614624	4665344
152	tests/uuf100-430/uuf100-0783.cnf	false	0.094296172	0.09464127400133293	4718592
153	tests/uuf100-430/uuf100-0847.cnf	false	0.094360041	0.09490149399789516	4722688
154	tests/uuf100-430/uuf100-029.cnf	false	0.094669132	0.0949139739968814	4710400
155	tests/uuf100-430/uuf100-0749.cnf	false	0.094810657	0.09513433100073598	4710400
156	tests/uuf100-430/uuf100-0456.cnf	false	0.094864442	0.09514644500450231	4636672
157	tests/uuf100-430/uuf100-0626.cnf	false	0.094905375	0.09543055199901573	4640768
158	tests/uuf100-430/uuf100-0936.cnf	false	0.095309762	0.09560662199510261	4718592
159	tests/uuf100-430/uuf100-0587.cnf	false	0.095533659	0.0959282580006402	4722688
160	tests/uuf100-430/uuf100-0446.cnf	false	0.09557797	0.09595997899305075	4702208
161	tests/uuf100-430/uuf100-0740.cnf	false	0.095635089	0.0961516399984248	4710400
162	tests/uuf100-430/uuf100-0969.cnf	false	0.095644138	0.0960931979934685	4632576
163	tests/uuf100-430/uuf100-0748.cnf	false	0.095957171	0.09621606300061103	4730880
164	tests/uuf100-430/uuf100-0165.cnf	false	0.096001217	0.09633956100151408	4710400
165	tests/uuf100-430/uuf100-0794.cnf	false	0.096162097	0.09657270500611048	4706304
166	tests/uuf100-430/uuf100-0822.cnf	false	0.096413903	0.09665300699998625	4653056
167	tests/uuf100-430/uuf100-0666.cnf	false	0.09653645	0.09679227299056947	4710400
168	tests/uuf100-430/uuf100-0776.cnf	false	0.09657561	0.09709733500494622	4661248
169	tests/uuf100-430/uuf100-0443.cnf	false	0.096754858	0.0970584280003095	4640768
170	tests/uuf100-430/uuf100-0962.cnf	false	0.096964161	0.09752838299027644	4714496
171	tests/uuf100-430/uuf100-0832.cnf	false	0.097030999	0.09755726699950173	4677632
172	tests/uuf100-430/uuf100-0239.cnf	false	0.09706003	0.09771859899046831	4710400
173	tests/uuf100-430/uuf100-0813.cnf	false	0.097064323	0.0995835990033811	4636672
174	tests/uuf100-430/uuf100-0674.cnf	false	0.097257013	0.09765486999822315	4661248
175	tests/uuf100-430/uuf100-0473.cnf	false	0.097277024	0.09762989799492061	4689920
176	tests/uuf100-430/uuf100-056.cnf	false	0.097278281	0.09791691901045851	4718592
177	tests/uuf100-430/uuf100-0387.cnf	false	0.097322454	0.09751203400082886	4661248
178	tests/uuf100-430/uuf100-0422.cnf	false	0.097409393	0.09773230200516991	4706304
179	tests/uuf100-430/uuf100-0698.cnf	false	0.09747593	0.10015845300222281	4714496
180	tests/uuf100-430/uuf100-0203.cnf	false	0.097554878	0.098042979996535	4698112
181	tests/uuf100-430/uuf100-0399.cnf	false	0.09767165	0.09804869200161193	4714496
182	tests/uuf100-430/uuf100-0736.cnf	false	0.097877771	0.09831968900107313	4726784
183	tests/uuf100-430/uuf100-0623.cnf	false	0.098154379	0.09889768299763091	4648960
184	tests/uuf100-430/uuf100-081.cnf	false	0.09826782	0.09861617600836325	4644864
185	tests/uuf100-430/uuf100-0938.cnf	false	0.098279756	0.09867642600147519	4710400
186	tests/uuf100-430/uuf100-0773.cnf	false	0.098382111	0.09890021399769466	4657152
187	tests/uuf100-430/uuf100-0316.cnf	false	0.098390122	0.09883649701077957	4673536
188	tests/uuf100-430/uuf100-0777.cnf	false	0.098406197	0.09863803400367033	4710400
189	tests/uuf100-430/uuf100-0162.cnf	false	0.098434377	0.09892471099738032	4714496
190	tests/uuf100-430/uuf100-0414.cnf	false	0.098510982	0.09912161700776778	4653056
191	tests/uuf100-430/uuf100-082.cnf	false	0.098715641	0.09925733899581246	4710400
192	tests/uuf100-430/uuf100-0489.cnf	false	0.098734353	0.09930087000248022	4657152
193	tests/uuf100-430/uuf100-0153.cnf	false	0.098789053	0.09954018899588846	4730880
194	tests/uuf100-430/uuf100-0724.cnf	false	0.098848771	0.09937023399106693	4710400
195	tests/uuf100-430/uuf100-0750.cnf	false	0.099000495	0.09924266301095486	4710400
196	tests/uuf100-430/uuf100-0464.cnf	false	0.099062326	0.09980096899380442	4734976
197	tests/uuf100-430/uuf100-0295.cnf	false	0.099100311	0.09963184299704153	4657152
198	tests/uuf100-430/uuf100-0401.cnf	false	0.099151227	0.09952708400669508	4718592
199	tests/uuf100-430/uuf100-0923.cnf	false	0.099200941	0.10097439000674058	4657152
200	tests/uuf100-430/uuf100-0979.cnf	false	0.099201145	0.09987691200512927	4653056
201	tests/uuf100-430/uuf100-0177.cnf	false	0.099285853	0.09962229899247177	4661248
202	tests/uuf100-430/uuf100-0850.cnf	false	0.099355631	0.09967802999017294	4698112
203	tests/uuf100-430/uuf100-0772.cnf	false	0.099550403	0.09983434500463773	4669440
204	tests/uuf100-430/uuf100-0311.cnf	false	0.099612567	0.10004347599169705	4710400
205	tests/uuf100-430/uuf100-0721.cnf	false	0.099807123	0.10013063800579403	4648960
206	tests/uuf100-430/uuf100-0274.cnf	false	0.099825142	0.1000941940001212	4706304
207	tests/uuf100-430/uuf100-0195.cnf	false	0.099936304	0.10043618800409604	4673536
208	tests/uuf100-430/uuf100-0990.cnf	false	0.099943757	0.10021037999831606	4714496
209	tests/uuf100-430/uuf100-0197.cnf	false	0.100012223	0.10024510500079487	4714496
210	tests/uuf100-430/uuf100-0782.cnf	false	0.100085507	0.10037847599596716	4677632
211	tests/uuf100-430/uuf100-0669.cnf	false	0.100130652	0.10040147400286514	4681728
212	tests/uuf100-430/uuf100-0366.cnf	false	0.100255697	0.10372142599953804	4681728
213	tests/uuf100-430/uuf100-0529.cnf	false	0.100348164	0.10450896299153101	4710400
214	tests/uuf100-430/uuf100-0415.cnf	false	0.100503049	0.10097418700752314	4677632
215	tests/uuf100-430/uuf100-0949.cnf	false	0.100715337	0.1011362629942596	4640768
216	tests/uuf100-430/uuf100-0844.cnf	false	0.100733382	0.10108868700626772	4722688
217	tests/uuf100-430/uuf100-0436.cnf	false	0.100771668	0.10163732898945455	4648960
218	tests/uuf100-430/uuf100-0911.cnf	false	0.101180894	0.10154748699278571	4710400
219	tests/uuf100-430/uuf100-0762.cnf	false	0.101563565	0.10202303799451329	4710400
220	tests/uuf100-430/uuf100-0840.cnf	false	0.101595817	0.10196389000338968	4722688
221	tests/uuf100-430/uuf100-0237.cnf	false	0.101623638	0.10207333001017105	4653056
222	tests/uuf100-430/uuf100-0448.cnf	false	0.101741086	0.10229828099545557	4710400
223	tests/uuf100-430/uuf100-0769.cnf	false	0.101989322	0.10229895100928843	4706304
224	tests/uuf100-430/uuf100-0279.cnf	false	0.102094174	0.10356365100597031	4661248
225	tests/uuf100-430/uuf100-0778.cnf	false	0.10213591	0.10249337898858357	4702208
226	tests/uuf100-430/uuf100-044.cnf	false	0.102207646	0.10259968100581318	4628480
227	tests/uuf100-430/uuf100-0891.cnf	false	0.1023577	0.10281192499678582	4665344
228	tests/uuf100-430/uuf100-0280.cnf	false	0.102437273	0.10276613099267706	4669440
229	tests/uuf100-430/uuf100-0821.cnf	false	0.102494848	0.10278409600141458	4718592
230	tests/uuf100-430/uuf100-0305.cnf	false	0.102500394	0.1030292570067104	4653056
231	tests/uuf100-430/uuf100-0651.cnf	false	0.102509672	0.10286651199567132	4673536
232	tests/uuf100-430/uuf100-0100.cnf	false	0.102561434	0.10293540699058212	4710400
233	tests/uuf100-430/uuf100-0242.cnf	false	0.102578463	0.10294133899151348	4710400
234	tests/uuf100-430/uuf100-0144.cnf	false	0.102888737	0.10331936299917288	4706304
235	tests/uuf100-430/uuf100-0174.cnf	false	0.103008112	0.10329106499557383	4657152
236	tests/uuf100-430/uuf100-0468.cnf	false	0.103271127	0.10386609699344262	4653056
237	tests/uuf100-430/uuf100-0122.cnf	false	0.103297344	0.10606277799524833	4718592
238	tests/uuf100-430/uuf100-0147.cnf	false	0.103305165	0.10379424900747836	4661248
239	tests/uuf100-430/uuf100-0182.cnf	false	0.103337615	0.10365827201167122	4726784
240	tests/uuf100-430/uuf100-01.cnf	false	0.103413976	0.1037867940030992	4734976
241	tests/uuf100-430/uuf100-0667.cnf	false	0.103507788	0.1041210149996914	4669440
242	tests/uuf100-430/uuf100-0273.cnf	false	0.103637519	0.10387918300693855	4722688
243	tests/uuf100-430/uuf100-0286.cnf	false	0.103689803	0.10403223399771377	4669440
244	tests/uuf100-430/uuf100-049.cnf	false	0.103743486	0.10400895899510942	4710400
245	tests/uuf100-430/uuf100-0240.cnf	false	0.103744346	0.10399036399030592	4730880
246	tests/uuf100-430/uuf100-0904.cnf	false	0.103817464	0.1043612409994239	4653056
247	tests/uuf100-430/uuf100-0787.cnf	false	0.103888026	0.10413850499026012	4648960
248	tests/uuf100-430/uuf100-0691.cnf	false	0.103976874	0.10456437501125038	4706304
249	tests/uuf100-430/uuf100-0461.cnf	false	0.104679607	0.10514201800106093	4706304
250	tests/uuf100-430/uuf100-0929.cnf	false	0.104697456	0.1049832299904665	4706304
251	tests/uuf100-430/uuf100-0462.cnf	false	0.104755539	0.105142196000088	4648960
252	tests/uuf100-430/uuf100-0908.cnf	false	0.104863036	0.10507796800811775	4718592
253	tests/uuf100-430/uuf100-0928.cnf	false	0.104921245	0.10519420800847001	4706304
254	tests/uuf100-430/uuf100-0914.cnf	false	0.104924694	0.10659124600351788	4730880
255	tests/uuf100-430/uuf100-0497.cnf	false	0.105017342	0.1053474710060982	4661248
256	tests/uuf100-430/uuf100-0925.cnf	false	0.105113414	0.1059167100029299	4710400
257	tests/uuf100-430/uuf100-0459.cnf	false	0.105136285	0.10581422300310805	4653056
258	tests/uuf100-430/uuf100-0645.cnf	false	0.105327172	0.10576744400896132	4661248
259	tests/uuf100-430/uuf100-0789.cnf	false	0.105428773	0.10574934200849384	4706304
260	tests/uuf100-430/uuf100-0428.cnf	false	0.105489899	0.10577820499020163	4730880
261	tests/uuf100-430/uuf100-0152.cnf	false	0.105522302	0.10575523399165832	4665344
262	tests/uuf100-430/uuf100-0449.cnf	false	0.105578081	0.10605252499226481	4673536
263	tests/uuf100-430/uuf100-0568.cnf	false	0.105684737	0.10604405599588063	4722688
264	tests/uuf100-430/uuf100-0931.cnf	false	0.105766119	0.10641528399719391	4710400
265	tests/uuf100-430/uuf100-0176.cnf	false	0.105825769	0.10611210099887103	4665344
266	tests/uuf100-430/uuf100-0625.cnf	false	0.10596291	0.10655134299304336	4653056
267	tests/uuf100-430/uuf100-0235.cnf	false	0.10597988	0.10628280899254605	4702208
268	tests/uuf100-430/uuf100-0806.cnf	false	0.106031545	0.10642019400256686	4628480
269	tests/uuf100-430/uuf100-0686.cnf	false	0.106150111	0.10656208300497383	4718592
270	tests/uuf100-430/uuf100-0590.cnf	false	0.106497651	0.10706678000860848	4706304
271	tests/uuf100-430/uuf100-0504.cnf	false	0.106498112	0.10693884099600837	4653056
272	tests/uuf100-430/uuf100-0986.cnf	false	0.106520299	0.10677191099966876	4669440
273	tests/uuf100-430/uuf100-0947.cnf	false	0.106630467	0.10691160798887722	4685824
274	tests/uuf100-430/uuf100-0288.cnf	false	0.106660205	0.10699217299406882	4628480
275	tests/uuf100-430/uuf100-0528.cnf	false	0.107057997	0.1073241669946583	4657152
276	tests/uuf100-430/uuf100-0361.cnf	false	0.107074197	0.10736609699961264	4710400
277	tests/uuf100-430/uuf100-0549.cnf	false	0.10712215	0.10741738400247414	4640768
278	tests/uuf100-430/uuf100-0332.cnf	false	0.107184562	0.10750420000113081	4722688
279	tests/uuf100-430/uuf100-0276.cnf	false	0.107271765	0.10759699600748718	4730880
280	tests/uuf100-430/uuf100-088.cnf	false	0.1075299	0.10814259899780154	4714496
281	tests/uuf100-430/uuf100-0701.cnf	false	0.107537145	0.10821926100470591	4722688
282	tests/uuf100-430/uuf100-0791.cnf	false	0.107704213	0.10795949801104143	4706304
283	tests/uuf100-430/uuf100-0260.cnf	false	0.10773442	0.10823435899510514	4718592
284	tests/uuf100-430/uuf100-0761.cnf	false	0.107764951	0.10928134099231102	4665344
285	tests/uuf100-430/uuf100-0983.cnf	false	0.107961459	0.10853308999503497	4673536
286	tests/uuf100-430/uuf100-0970.cnf	false	0.10800387	0.10895498699392192	4669440
287	tests/uuf100-430/uuf100-0500.cnf	false	0.108114794	0.10850217599363532	4710400
288	tests/uuf100-430/uuf100-0632.cnf	false	0.108144849	0.1084586219949415	4648960
289	tests/uuf100-430/uuf100-0582.cnf	false	0.108417694	0.10897976100386586	4714496
290	tests/uuf100-430/uuf100-058.cnf	false	0.108459193	0.10873042899766006	4685824
291	tests/uuf100-430/uuf100-0919.cnf	false	0.108506209	0.10882285700063221	4710400
292	tests/uuf100-430/uuf100-060.cnf	false	0.108596139	0.10910777900426183	4694016
293	tests/uuf100-430/uuf100-0699.cnf	false	0.108622393	0.10988181199354585	4714496
294	tests/uuf100-430/uuf100-0125.cnf	false	0.108690748	0.10900134200346656	4628480
295	tests/uuf100-430/uuf100-0765.cnf	false	0.108825185	0.10921739799960051	4665344
296	tests/uuf100-430/uuf100-0704.cnf	false	0.108913372	0.1093043909932021	4710400
297	tests/uuf100-430/uuf100-0956.cnf	false	0.109032476	0.10931586800143123	4706304
298	tests/uuf100-430/uuf100-072.cnf	false	0.109137324	0.10949316500045825	4710400
299	tests/uuf100-430/uuf100-0419.cnf	false	0.109161236	0.10953702600090764	4673536
300	tests/uuf100-430/uuf100-0930.cnf	false	0.109189735	0.10948508899309672	4726784
301	tests/uuf100-430/uuf100-0338.cnf	false	0.109194507	0.11178993299836293	4714496
302	tests/uuf100-430/uuf100-0578.cnf	false	0.109217771	0.10952782099775504	4653056
303	tests/uuf100-430/uuf100-0655.cnf	false	0.109371853	0.11039825600164477	4632576
304	tests/uuf100-430/uuf100-0369.cnf	false	0.109378214	0.10970991199428681	4665344
305	tests/uuf100-430/uuf100-0196.cnf	false	0.109415297	0.10967914199864026	4653056
306	tests/uuf100-430/uuf100-0374.cnf	false	0.10943918	0.10976923600537702	4644864
307	tests/uuf100-430/uuf100-0567.cnf	false	0.109465646	0.10971629500272684	4706304
308	tests/uuf100-430/uuf100-0901.cnf	false	0.109499662	0.10981066500244197	4714496
309	tests/uuf100-430/uuf100-0130.cnf	false	0.109671637	0.11003124099806882	4648960
310	tests/uuf100-430/uuf100-0588.cnf	false	0.109686887	0.1202134390041465	4718592
311	tests/uuf100-430/uuf100-0124.cnf	false	0.109697186	0.11012041800131556	4718592
312	tests/uuf100-430/uuf100-0964.cnf	false	0.109702788	0.10993956499441992	4710400
313	tests/uuf100-430/uuf100-0390.cnf	false	0.109716384	0.1101142300030915	4702208
314	tests/uuf100-430/uuf100-0389.cnf	false	0.109759474	0.110254929997609	4702208
315	tests/uuf100-430/uuf100-0229.cnf	false	0.10995014	0.11032144799537491	4714496
316	tests/uuf100-430/uuf100-0877.cnf	false	0.110217627	0.11055672600923572	4714496
317	tests/uuf100-430/uuf100-0407.cnf	false	0.110340467	0.11084640699846204	4710400
318	tests/uuf100-430/uuf100-0551.cnf	false	0.110380403	0.11063726700376719	4661248
319	tests/uuf100-430/uuf100-014.cnf	false	0.110484085	0.11101401998894289	4726784
320	tests/uuf100-430/uuf100-0204.cnf	false	0.110541175	0.11089034599717706	4706304
321	tests/uuf100-430/uuf100-0251.cnf	false	0.110597722	0.11088904499774799	4726784
322	tests/uuf100-430/uuf100-0628.cnf	false	0.110609183	0.11096693000581581	4681728
323	tests/uuf100-430/uuf100-0359.cnf	false	0.110744038	0.11134335599490441	4657152
324	tests/uuf100-430/uuf100-078.cnf	false	0.110760572	0.11120212799869478	4730880
325	tests/uuf100-430/uuf100-019.cnf	false	0.110940603	0.11121186400123406	4653056
326	tests/uuf100-430/uuf100-0898.cnf	false	0.110994534	0.11142383801052347	4648960
327	tests/uuf100-430/uuf100-0382.cnf	false	0.111037817	0.11165406400687061	4665344
328	tests/uuf100-430/uuf100-01000.cnf	false	0.111126225	0.11684491099731531	4718592
329	tests/uuf100-430/uuf100-0647.cnf	false	0.11113845	0.1115566310036229	4706304
330	tests/uuf100-430/uuf100-0268.cnf	false	0.111235388	0.11315223900601268	4661248
331	tests/uuf100-430/uuf100-0217.cnf	false	0.111265359	0.1116030929988483	4710400
332	tests/uuf100-430/uuf100-0546.cnf	false	0.111273455	0.1157834290061146	4714496
333	tests/uuf100-430/uuf100-0272.cnf	false	0.111507135	0.11193353100679815	4706304
334	tests/uuf100-430/uuf100-0718.cnf	false	0.111554653	0.11216374200012069	4657152
335	tests/uuf100-430/uuf100-0619.cnf	false	0.111843669	0.11207500899035949	4714496
336	tests/uuf100-430/uuf100-0344.cnf	false	0.111926358	0.11227047299325932	4640768
337	tests/uuf100-430/uuf100-0808.cnf	false	0.112051196	0.11230196700489614	4726784
338	tests/uuf100-430/uuf100-0599.cnf	false	0.112104235	0.11236820698832162	4648960
339	tests/uuf100-430/uuf100-0360.cnf	false	0.112161603	0.11258481298864353	4661248
340	tests/uuf100-430/uuf100-0181.cnf	false	0.112197479	0.11245764199702535	4702208
341	tests/uuf100-430/uuf100-0741.cnf	false	0.112234476	0.1126506779983174	4714496
342	tests/uuf100-430/uuf100-0945.cnf	false	0.112270812	0.11264621399459429	4673536
343	tests/uuf100-430/uuf100-0621.cnf	false	0.112325387	0.11287667100259569	4632576
344	tests/uuf100-430/uuf100-022.cnf	false	0.112331024	0.11263320100260898	4661248
345	tests/uuf100-430/uuf100-0965.cnf	false	0.112336837	0.11671184899751097	4677632
346	tests/uuf100-430/uuf100-0966.cnf	false	0.112540891	0.11301027699664701	4718592
347	tests/uuf100-430/uuf100-0596.cnf	false	0.112589504	0.11354215900064446	4632576
348	tests/uuf100-430/uuf100-092.cnf	false	0.112884603	0.11313434600015171	4718592
349	tests/uuf100-430/uuf100-0199.cnf	false	0.112889046	0.11321441300970037	4710400
350	tests/uuf100-430/uuf100-0230.cnf	false	0.112907849	0.11327538099430967	4722688
351	tests/uuf100-430/uuf100-0694.cnf	false	0.113013963	0.11399460000393447	4714496
352	tests/uuf100-430/uuf100-0271.cnf	false	0.113060466	0.1137027049990138	4722688
353	tests/uuf100-430/uuf100-0916.cnf	false	0.113173095	0.113432891012053	4632576
354	tests/uuf100-430/uuf100-08.cnf	false	0.113331214	0.1137257660011528	4644864
355	tests/uuf100-430/uuf100-0775.cnf	false	0.11364619	0.11434679900412448	4730880
356	tests/uuf100-430/uuf100-059.cnf	false	0.11394327	0.11431930199614726	4669440
357	tests/uuf100-430/uuf100-0810.cnf	false	0.114010692	0.11432304000481963	4714496
358	tests/uuf100-430/uuf100-0471.cnf	false	0.114090384	0.11458587800734676	4653056
359	tests/uuf100-430/uuf100-0610.cnf	false	0.114105627	0.11437653600296471	4665344
360	tests/uuf100-430/uuf100-0134.cnf	false	0.114136991	0.11450276400137227	4620288
361	tests/uuf100-430/uuf100-0166.cnf	false	0.114259657	0.11454439599765465	4657152
362	tests/uuf100-430/uuf100-0480.cnf	false	0.114291219	0.11520322499563918	4648960
363	tests/uuf100-430/uuf100-0435.cnf	false	0.114373006	0.11464564601192251	4718592
364	tests/uuf100-430/uuf100-0805.cnf	false	0.114389897	0.11464073999377433	4628480
365	tests/uuf100-430/uuf100-0826.cnf	false	0.114444888	0.1148927430040203	4673536
366	tests/uuf100-430/uuf100-0815.cnf	false	0.114700099	0.11517033500422258	4632576
367	tests/uuf100-430/uuf100-0633.cnf	false	0.114809686	0.1151278579927748	4657152
368	tests/uuf100-430/uuf100-0755.cnf	false	0.114880946	0.11521189800987486	4673536
369	tests/uuf100-430/uuf100-09.cnf	false	0.114971656	0.11528177400759887	4714496
370	tests/uuf100-430/uuf100-0671.cnf	false	0.115026979	0.11562995800341014	4702208
371	tests/uuf100-430/uuf100-0219.cnf	false	0.115085492	0.11551477399189025	4710400
372	tests/uuf100-430/uuf100-0392.cnf	false	0.115135567	0.11549960399861448	4632576
373	tests/uuf100-430/uuf100-0867.cnf	false	0.115340036	0.11566910200053826	4722688
374	tests/uuf100-430/uuf100-0676.cnf	false	0.115423011	0.11572460999013856	4706304
375	tests/uuf100-430/uuf100-0692.cnf	false	0.115595124	0.11632645699137356	4673536
376	tests/uuf100-430/uuf100-0848.cnf	false	0.115661825	0.11621918401215225	4706304
377	tests/uuf100-430/uuf100-0532.cnf	false	0.115774436	0.11648960100137629	4661248
378	tests/uuf100-430/uuf100-0820.cnf	false	0.115830979	0.11728062099427916	4714496
379	tests/uuf100-430/uuf100-0136.cnf	false	0.115899109	0.11620572200627066	4657152
380	tests/uuf100-430/uuf100-0313.cnf	false	0.115992232	0.11776405200362206	4657152
381	tests/uuf100-430/uuf100-083.cnf	false	0.116094078	0.11633815900131594	4726784
382	tests/uuf100-430/uuf100-0833.cnf	false	0.116121629	0.11663222199422307	4718592
383	tests/uuf100-430/uuf100-0689.cnf	false	0.116132719	0.11644623099709861	4710400
384	tests/uuf100-430/uuf100-0886.cnf	false	0.116163885	0.11679976999585051	4632576
385	tests/uuf100-430/uuf100-0408.cnf	false	0.116185066	0.11705854700994678	4734976
386	tests/uuf100-430/uuf100-0516.cnf	false	0.116373372	0.11676105800142977	4730880
387	tests/uuf100-430/uuf100-0638.cnf	false	0.116462057	0.11670676201174501	4718592
388	tests/uuf100-430/uuf100-0362.cnf	false	0.116555184	0.11747674999060109	4718592
389	tests/uuf100-430/uuf100-0113.cnf	false	0.116641652	0.1169420939986594	4702208
390	tests/uuf100-430/uuf100-0513.cnf	false	0.11680925	0.11717044199758675	4706304
391	tests/uuf100-430/uuf100-0320.cnf	false	0.116921758	0.11842167700524442	4681728
392	tests/uuf100-430/uuf100-0337.cnf	false	0.11692287	0.11727443400013726	4681728
393	tests/uuf100-430/uuf100-0543.cnf	false	0.116923335	0.1173223939986201	4722688
394	tests/uuf100-430/uuf100-0430.cnf	false	0.117056051	0.12105671099561732	4710400
395	tests/uuf100-430/uuf100-0220.cnf	false	0.117270849	0.11757747299270704	4653056
396	tests/uuf100-430/uuf100-0106.cnf	false	0.117376825	0.1177506380045088	4657152
397	tests/uuf100-430/uuf100-0745.cnf	false	0.11745798	0.11778727000637446	4718592
398	tests/uuf100-430/uuf100-0918.cnf	false	0.117794675	0.11870963301043957	4661248
399	tests/uuf100-430/uuf100-0329.cnf	false	0.117892105	0.11824180600524414	4726784
400	tests/uuf100-430/uuf100-0827.cnf	false	0.118201026	0.11848259800171945	4714496
401	tests/uuf100-430/uuf100-0476.cnf	false	0.118317063	0.1195491940015927	4648960
402	tests/uuf100-430/uuf100-0256.cnf	false	0.118333537	0.11883240001043305	4669440
403	tests/uuf100-430/uuf100-0642.cnf	false	0.118773335	0.11982727400027215	4702208
404	tests/uuf100-430/uuf100-0477.cnf	false	0.118804317	0.11906454199925065	4714496
405	tests/uuf100-430/uuf100-0425.cnf	false	0.118829137	0.11926666500221472	4661248
406	tests/uuf100-430/uuf100-043.cnf	false	0.118853846	0.11990399300702848	4677632
407	tests/uuf100-430/uuf100-0354.cnf	false	0.118858152	0.11919003000366502	4661248
408	tests/uuf100-430/uuf100-0756.cnf	false	0.119021463	0.11926795200270135	4657152
409	tests/uuf100-430/uuf100-0194.cnf	false	0.119043546	0.1193058490025578	4730880
410	tests/uuf100-430/uuf100-0629.cnf	false	0.119104399	0.11933873000089079	4661248
411	tests/uuf100-430/uuf100-0439.cnf	false	0.119142005	0.11953173100482672	4677632
412	tests/uuf100-430/uuf100-0786.cnf	false	0.119264772	0.12027527700411156	4718592
413	tests/uuf100-430/uuf100-0525.cnf	false	0.11930568	0.119576249999227	4661248
414	tests/uuf100-430/uuf100-0184.cnf	false	0.119326733	0.11967358298716135	4665344
415	tests/uuf100-430/uuf100-0429.cnf	false	0.119498485	0.11978033499326557	4734976
416	tests/uuf100-430/uuf100-0159.cnf	false	0.119611825	0.12025915298727341	4702208
417	tests/uuf100-430/uuf100-0744.cnf	false	0.119670587	0.11991987700457685	4718592
418	tests/uuf100-430/uuf100-066.cnf	false	0.119777308	0.12008827699173708	4718592
419	tests/uuf100-430/uuf100-0943.cnf	false	0.120006316	0.12026972600142471	4653056
420	tests/uuf100-430/uuf100-0375.cnf	false	0.12001116	0.12059875600971282	4710400
421	tests/uuf100-430/uuf100-0211.cnf	false	0.120055638	0.1203841489914339	4710400
422	tests/uuf100-430/uuf100-0640.cnf	false	0.120061197	0.1206951109925285	4722688
423	tests/uuf100-430/uuf100-0598.cnf	false	0.120215063	0.12050176999764517	4726784
424	tests/uuf100-430/uuf100-0383.cnf	false	0.120303622	0.12065107200760394	4624384
425	tests/uuf100-430/uuf100-0579.cnf	false	0.120593662	0.1211766920023365	4726784
426	tests/uuf100-430/uuf100-0340.cnf	false	0.120620245	0.12091034700279124	4644864
427	tests/uuf100-430/uuf100-0403.cnf	false	0.120864239	0.12145302099816035	4628480
428	tests/uuf100-430/uuf100-094.cnf	false	0.120878139	0.12120874598622322	4726784
429	tests/uuf100-430/uuf100-0492.cnf	false	0.121166533	0.12157892101095058	4702208
430	tests/uuf100-430/uuf100-0150.cnf	false	0.121178478	0.12158397299936041	4722688
431	tests/uuf100-430/uuf100-0648.cnf	false	0.121435923	0.12198783000349067	4718592
432	tests/uuf100-430/uuf100-0261.cnf	false	0.121641478	0.12197482498595491	4734976
433	tests/uuf100-430/uuf100-07.cnf	false	0.121654281	0.12193150699022226	4718592
434	tests/uuf100-430/uuf100-0183.cnf	false	0.121702455	0.12225123000098392	4706304
435	tests/uuf100-430/uuf100-018.cnf	false	0.1217678	0.12221516200224869	4739072
436	tests/uuf100-430/uuf100-0870.cnf	false	0.121917867	0.12224886400508694	4665344
437	tests/uuf100-430/uuf100-0963.cnf	false	0.121994728	0.1221900770033244	4653056
438	tests/uuf100-430/uuf100-0834.cnf	false	0.12207207	0.12246045800566208	4710400
439	tests/uuf100-430/uuf100-0594.cnf	false	0.122283695	0.12258668399590533	4669440
440	tests/uuf100-430/uuf100-031.cnf	false	0.122368619	0.12269461300456896	4661248
441	tests/uuf100-430/uuf100-0768.cnf	false	0.122642072	0.12395028299943078	4710400
442	tests/uuf100-430/uuf100-0431.cnf	false	0.122699189	0.1230450680013746	4657152
443	tests/uuf100-430/uuf100-0577.cnf	false	0.122778315	0.12316645700775553	4657152
444	tests/uuf100-430/uuf100-0575.cnf	false	0.122881751	0.1232844549958827	4673536
445	tests/uuf100-430/uuf100-053.cnf	false	0.123021389	0.12448915999266319	4710400
446	tests/uuf100-430/uuf100-0453.cnf	false	0.123077585	0.12360540399095044	4710400
447	tests/uuf100-430/uuf100-0247.cnf	false	0.12320033	0.12344090999977197	4653056
448	tests/uuf100-430/uuf100-0386.cnf	false	0.123244224	0.13647933800530154	4620288
449	tests/uuf100-430/uuf100-0980.cnf	false	0.123296269	0.12379768400569446	4730880
450	tests/uuf100-430/uuf100-0828.cnf	false	0.123350422	0.12408569199033082	4661248
451	tests/uuf100-430/uuf100-0997.cnf	false	0.123357694	0.123663726990344	4644864
452	tests/uuf100-430/uuf100-0284.cnf	false	0.123441192	0.12415337598940823	4714496
453	tests/uuf100-430/uuf100-0496.cnf	false	0.123507681	0.12384167900017928	4694016
454	tests/uuf100-430/uuf100-0998.cnf	false	0.123579674	0.12408244800462853	4722688
455	tests/uuf100-430/uuf100-0351.cnf	false	0.12362349	0.12605146699934267	4718592
456	tests/uuf100-430/uuf100-0581.cnf	false	0.123692774	0.12410594499669969	4710400
457	tests/uuf100-430/uuf100-0985.cnf	false	0.123792248	0.12400716800766531	4657152
458	tests/uuf100-430/uuf100-0803.cnf	false	0.123825136	0.12405848999333102	4657152
459	tests/uuf100-430/uuf100-0512.cnf	false	0.123934174	0.12472437700489536	4644864
460	tests/uuf100-430/uuf100-0533.cnf	false	0.124012312	0.12430632500036154	4661248
461	tests/uuf100-430/uuf100-0876.cnf	false	0.124034031	0.12450205600180198	4628480
462	tests/uuf100-430/uuf100-0472.cnf	false	0.124233453	0.12508740100020077	4726784
463	tests/uuf100-430/uuf100-0883.cnf	false	0.124400218	0.12600717700843234	4710400
464	tests/uuf100-430/uuf100-0811.cnf	false	0.124490093	0.12483024400717113	4710400
465	tests/uuf100-430/uuf100-0700.cnf	false	0.124599254	0.12490506599715445	4706304
466	tests/uuf100-430/uuf100-0149.cnf	false	0.124747993	0.1251935920008691	4669440
467	tests/uuf100-430/uuf100-0236.cnf	false	0.124923633	0.12533636699663475	4726784
468	tests/uuf100-430/uuf100-0910.cnf	false	0.124938333	0.1254607900045812	4743168
469	tests/uuf100-430/uuf100-0246.cnf	false	0.12507711	0.12529109299066477	4710400
470	tests/uuf100-430/uuf100-050.cnf	false	0.125108785	0.1254846530064242	4661248
471	tests/uuf100-430/uuf100-0424.cnf	false	0.12553042	0.12580381899897475	4665344
472	tests/uuf100-430/uuf100-0410.cnf	false	0.125656397	0.13237266200303566	4710400
473	tests/uuf100-430/uuf100-038.cnf	false	0.125685335	0.12600296101300046	4661248
474	tests/uuf100-430/uuf100-0733.cnf	false	0.126076963	0.1274197379971156	4726784
475	tests/uuf100-430/uuf100-0142.cnf	false	0.126276746	0.1266209280001931	4702208
476	tests/uuf100-430/uuf100-02.cnf	false	0.126315696	0.1266256499948213	4636672
477	tests/uuf100-430/uuf100-0606.cnf	false	0.126334676	0.12672496101004072	4673536
478	tests/uuf100-430/uuf100-0743.cnf	false	0.126338551	0.126866856997367	4689920
479	tests/uuf100-430/uuf100-034.cnf	false	0.126539335	0.1269251159974374	4710400
480	tests/uuf100-430/uuf100-05.cnf	false	0.126629889	0.1272330280044116	4714496
481	tests/uuf100-430/uuf100-0972.cnf	false	0.126646119	0.1272328299965011	4730880
482	tests/uuf100-430/uuf100-0863.cnf	false	0.126687433	0.1269916510063922	4657152
483	tests/uuf100-430/uuf100-0684.cnf	false	0.126716809	0.12697002799541224	4710400
484	tests/uuf100-430/uuf100-0503.cnf	false	0.126761178	0.12704450900491793	4661248
485	tests/uuf100-430/uuf100-0437.cnf	false	0.126886985	0.12724274100037292	4661248
486	tests/uuf100-430/uuf100-0907.cnf	false	0.126954689	0.12732101300207432	4698112
487	tests/uuf100-430/uuf100-0215.cnf	false	0.127120904	0.12747980600397568	4661248
488	tests/uuf100-430/uuf100-0981.cnf	false	0.127202139	0.1276405409880681	4722688
489	tests/uuf100-430/uuf100-0816.cnf	false	0.127278948	0.12764817199786194	4657152
490	tests/uuf100-430/uuf100-0548.cnf	false	0.127293911	0.12756261599133722	4710400
491	tests/uuf100-430/uuf100-0526.cnf	false	0.127473939	0.12843579200853128	4714496
492	tests/uuf100-430/uuf100-0550.cnf	false	0.127706351	0.12832340000022668	4689920
493	tests/uuf100-430/uuf100-0552.cnf	false	0.127738787	0.12818673899164423	4698112
494	tests/uuf100-430/uuf100-0253.cnf	false	0.127804243	0.1280993449909147	4722688
495	tests/uuf100-430/uuf100-0243.cnf	false	0.128036711	0.12905850799870677	4714496
496	tests/uuf100-430/uuf100-0479.cnf	false	0.128206302	0.12863278700388037	4648960
497	tests/uuf100-430/uuf100-0105.cnf	false	0.128385667	0.13046784300240688	4657152
498	tests/uuf100-430/uuf100-0114.cnf	false	0.128510481	0.1287578850024147	4636672
499	tests/uuf100-430/uuf100-0951.cnf	false	0.128516244	0.12889790799818002	4718592
500	tests/uuf100-430/uuf100-0841.cnf	false	0.128583871	0.12887760398734827	4714496
501	tests/uuf100-430/uuf100-0475.cnf	false	0.128746036	0.12903790299606044	4661248
502	tests/uuf100-430/uuf100-0657.cnf	false	0.128849137	0.1300552879984025	4665344
503	tests/uuf100-430/uuf100-0627.cnf	false	0.128877315	0.12952671899984125	4714496
504	tests/uuf100-430/uuf100-077.cnf	false	0.12888654	0.12947490699298214	4702208
505	tests/uuf100-430/uuf100-0780.cnf	false	0.1289276	0.12919519600109197	4661248
506	tests/uuf100-430/uuf100-0708.cnf	false	0.129212747	0.12987039699510206	4685824
507	tests/uuf100-430/uuf100-062.cnf	false	0.1293669	0.13193869699898642	4710400
508	tests/uuf100-430/uuf100-0814.cnf	false	0.129393142	0.1298241960030282	4657152
509	tests/uuf100-430/uuf100-0603.cnf	false	0.129442368	0.12979765199997928	4710400
510	tests/uuf100-430/uuf100-0135.cnf	false	0.129448717	0.13005387398879975	4677632
511	tests/uuf100-430/uuf100-0309.cnf	false	0.129554863	0.1300044719973812	4710400
512	tests/uuf100-430/uuf100-0469.cnf	false	0.129701572	0.1300657559913816	4710400
513	tests/uuf100-430/uuf100-0882.cnf	false	0.129838188	0.1303113920002943	4718592
514	tests/uuf100-430/uuf100-0179.cnf	false	0.129996477	0.13042455399408937	4710400
515	tests/uuf100-430/uuf100-0661.cnf	false	0.129999966	0.13022636900132056	4722688
516	tests/uuf100-430/uuf100-0561.cnf	false	0.130091085	0.13042307499563321	4722688
517	tests/uuf100-430/uuf100-0785.cnf	false	0.130119585	0.13045515700650867	4673536
518	tests/uuf100-430/uuf100-0108.cnf	false	0.130254798	0.13085198099724948	4694016
519	tests/uuf100-430/uuf100-026.cnf	false	0.130267216	0.13054510598885827	4661248
520	tests/uuf100-430/uuf100-0141.cnf	false	0.130416284	0.1314051529916469	4714496
521	tests/uuf100-430/uuf100-0126.cnf	false	0.130428225	0.1307381219958188	4685824
522	tests/uuf100-430/uuf100-0714.cnf	false	0.130526929	0.131001757006743	4726784
523	tests/uuf100-430/uuf100-0482.cnf	false	0.130609892	0.13105171200004406	4657152
524	tests/uuf100-430/uuf100-0233.cnf	false	0.130793806	0.13132350200612564	4726784
525	tests/uuf100-430/uuf100-0450.cnf	false	0.130952598	0.13123166700825095	4644864
526	tests/uuf100-430/uuf100-0540.cnf	false	0.13120763	0.1315911959973164	4677632
527	tests/uuf100-430/uuf100-0618.cnf	false	0.131280388	0.1317088999931002	4673536
528	tests/uuf100-430/uuf100-0924.cnf	false	0.131532962	0.13185764399531763	4661248
529	tests/uuf100-430/uuf100-0702.cnf	false	0.131548775	0.1318454670108622	4702208
530	tests/uuf100-430/uuf100-0269.cnf	false	0.131658319	0.13190528299310245	4657152
531	tests/uuf100-430/uuf100-0868.cnf	false	0.131834508	0.13220560700574424	4706304
532	tests/uuf100-430/uuf100-013.cnf	false	0.132309359	0.13268741400679573	4702208
533	tests/uuf100-430/uuf100-0158.cnf	false	0.132311942	0.1329215860023396	4718592
534	tests/uuf100-430/uuf100-0566.cnf	false	0.132330768	0.1325909809966106	4706304
535	tests/uuf100-430/uuf100-0154.cnf	false	0.132376953	0.13328974098840263	4710400
536	tests/uuf100-430/uuf100-0993.cnf	false	0.132395325	0.13295606899191625	4710400
537	tests/uuf100-430/uuf100-0380.cnf	false	0.132529508	0.13312874900293536	4726784
538	tests/uuf100-430/uuf100-0377.cnf	false	0.132539662	0.13305200899776537	4710400
539	tests/uuf100-430/uuf100-0445.cnf	false	0.132540357	0.14304499299032614	4673536
540	tests/uuf100-430/uuf100-0838.cnf	false	0.132571509	0.13289429299766198	4706304
541	tests/uuf100-430/uuf100-0506.cnf	false	0.132610776	0.13291484300862066	4661248
542	tests/uuf100-430/uuf100-0804.cnf	false	0.132665467	0.13297484599752352	4632576
543	tests/uuf100-430/uuf100-0559.cnf	false	0.13269033	0.13357337799970992	4661248
544	tests/uuf100-430/uuf100-0946.cnf	false	0.132767364	0.13311315698956605	4726784
545	tests/uuf100-430/uuf100-0605.cnf	false	0.132876856	0.13354457300738432	4636672
546	tests/uuf100-430/uuf100-0119.cnf	false	0.132885536	0.1333278080128366	4722688
547	tests/uuf100-430/uuf100-0474.cnf	false	0.132933435	0.13326964000589214	4698112
548	tests/uuf100-430/uuf100-0318.cnf	false	0.13294455	0.13336988499213476	4657152
549	tests/uuf100-430/uuf100-0715.cnf	false	0.133022248	0.1336785159946885	4657152
550	tests/uuf100-430/uuf100-0393.cnf	false	0.133038761	0.13329212900134735	4722688
551	tests/uuf100-430/uuf100-0955.cnf	false	0.133061961	0.13365640900155995	4710400
552	tests/uuf100-430/uuf100-0611.cnf	false	0.133115783	0.13384556700475514	4710400
553	tests/uuf100-430/uuf100-0161.cnf	false	0.133303393	0.1335660269978689	4739072
554	tests/uuf100-430/uuf100-0586.cnf	false	0.13331481	0.13360989499778952	4726784
555	tests/uuf100-430/uuf100-0940.cnf	false	0.133463289	0.13371622101112735	4648960
556	tests/uuf100-430/uuf100-0385.cnf	false	0.133498324	0.13381571500212885	4661248
557	tests/uuf100-430/uuf100-0921.cnf	false	0.13357005	0.13385863001167309	4636672
558	tests/uuf100-430/uuf100-040.cnf	false	0.133627502	0.13412835300550796	4620288
559	tests/uuf100-430/uuf100-0994.cnf	false	0.133674649	0.13402796600712463	4739072
560	tests/uuf100-430/uuf100-0583.cnf	false	0.133806207	0.13402921399392653	4710400
561	tests/uuf100-430/uuf100-0301.cnf	false	0.134233634	0.1348995189910056	4653056
562	tests/uuf100-430/uuf100-0894.cnf	false	0.13428273	0.13463666300231125	4644864
563	tests/uuf100-430/uuf100-0252.cnf	false	0.134392361	0.1346548350120429	4706304
564	tests/uuf100-430/uuf100-0670.cnf	false	0.134502453	0.134869487999822	4628480
565	tests/uuf100-430/uuf100-0262.cnf	false	0.134739879	0.13513153800158761	4710400
566	tests/uuf100-430/uuf100-0364.cnf	false	0.135217922	0.1355849059909815	4665344
567	tests/uuf100-430/uuf100-099.cnf	false	0.135249168	0.1506913880002685	4726784
568	tests/uuf100-430/uuf100-0764.cnf	false	0.135285025	0.13560692199098412	4636672
569	tests/uuf100-430/uuf100-0881.cnf	false	0.135372244	0.1358988410065649	4706304
570	tests/uuf100-430/uuf100-0416.cnf	false	0.135484833	0.13587745299446397	4702208
571	tests/uuf100-430/uuf100-0210.cnf	false	0.135683754	0.13624893200176302	4710400
572	tests/uuf100-430/uuf100-0846.cnf	false	0.13586885	0.14230687099916395	4694016
573	tests/uuf100-430/uuf100-0524.cnf	false	0.136011153	0.13644382599159144	4669440
574	tests/uuf100-430/uuf100-0895.cnf	false	0.136040135	0.13628085399977863	4706304
575	tests/uuf100-430/uuf100-0289.cnf	false	0.136163088	0.13682502100709826	4714496
576	tests/uuf100-430/uuf100-0493.cnf	false	0.136165219	0.13652112099225633	4636672
577	tests/uuf100-430/uuf100-0536.cnf	false	0.136185216	0.13695316200028174	4714496
578	tests/uuf100-430/uuf100-090.cnf	false	0.1362538	0.1364923430082854	4710400
579	tests/uuf100-430/uuf100-0355.cnf	false	0.136258636	0.13651659899915103	4718592
580	tests/uuf100-430/uuf100-0509.cnf	false	0.136320069	0.13672901599784382	4730880
581	tests/uuf100-430/uuf100-0192.cnf	false	0.136396726	0.1367794660036452	4648960
582	tests/uuf100-430/uuf100-0751.cnf	false	0.136459761	0.13676362700061873	4661248
583	tests/uuf100-430/uuf100-0604.cnf	false	0.136494521	0.1371233910031151	4657152
584	tests/uuf100-430/uuf100-0818.cnf	false	0.136567441	0.13692897198779974	4657152
585	tests/uuf100-430/uuf100-0585.cnf	false	0.13673608	0.13698725099675357	4730880
586	tests/uuf100-430/uuf100-0163.cnf	false	0.136774053	0.13740667300589848	4722688
587	tests/uuf100-430/uuf100-0270.cnf	false	0.13694333	0.13720682600978762	4702208
588	tests/uuf100-430/uuf100-0711.cnf	false	0.137021122	0.1372940449946327	4714496
589	tests/uuf100-430/uuf100-0954.cnf	false	0.137061717	0.13749211600224953	4710400
590	tests/uuf100-430/uuf100-0817.cnf	false	0.137307868	0.13770375499734655	4734976
591	tests/uuf100-430/uuf100-0515.cnf	false	0.137399083	0.13767411600565538	4710400
592	tests/uuf100-430/uuf100-0397.cnf	false	0.137465958	0.1377585929876659	4710400
593	tests/uuf100-430/uuf100-042.cnf	false	0.137511124	0.13781122599903028	4665344
594	tests/uuf100-430/uuf100-0388.cnf	false	0.137644884	0.1379024829948321	4644864
595	tests/uuf100-430/uuf100-0675.cnf	false	0.137793907	0.13811358700331766	4706304
596	tests/uuf100-430/uuf100-0298.cnf	false	0.138133935	0.13851770998735446	4628480
597	tests/uuf100-430/uuf100-063.cnf	false	0.138208638	0.13843869800621178	4710400
598	tests/uuf100-430/uuf100-0706.cnf	false	0.138283812	0.13850518700201064	4710400
599	tests/uuf100-430/uuf100-0257.cnf	false	0.138518135	0.13899064200813882	4710400
600	tests/uuf100-430/uuf100-0717.cnf	false	0.138729873	0.1390683070058003	4657152
601	tests/uuf100-430/uuf100-0281.cnf	false	0.138737847	0.13910960700013675	4710400
602	tests/uuf100-430/uuf100-0139.cnf	false	0.138839585	0.13905283900385257	4706304
603	tests/uuf100-430/uuf100-0612.cnf	false	0.138989515	0.1394796839886112	4661248
604	tests/uuf100-430/uuf100-0978.cnf	false	0.138992401	0.13976684400404338	4661248
605	tests/uuf100-430/uuf100-0171.cnf	false	0.139082326	0.13943883500178345	4710400
606	tests/uuf100-430/uuf100-0523.cnf	false	0.13916291	0.1394879459985532	4632576
607	tests/uuf100-430/uuf100-0155.cnf	false	0.139215028	0.1395570109889377	4673536
608	tests/uuf100-430/uuf100-0539.cnf	false	0.139218518	0.13970101800805423	4714496
609	tests/uuf100-430/uuf100-0277.cnf	false	0.139326419	0.13978825500817038	4710400
610	tests/uuf100-430/uuf100-0677.cnf	false	0.139338471	0.13982120199943893	4706304
611	tests/uuf100-430/uuf100-0793.cnf	false	0.1393955	0.13983482201001607	4689920
612	tests/uuf100-430/uuf100-0920.cnf	false	0.139448389	0.13973596000869293	4710400
613	tests/uuf100-430/uuf100-0519.cnf	false	0.13947847	0.13986250800371636	4636672
614	tests/uuf100-430/uuf100-0988.cnf	false	0.139595554	0.139905912001268	4710400
615	tests/uuf100-430/uuf100-0502.cnf	false	0.139871898	0.14010890299687162	4628480
616	tests/uuf100-430/uuf100-0352.cnf	false	0.139957975	0.14029190699511673	4722688
617	tests/uuf100-430/uuf100-0935.cnf	false	0.140192849	0.14050997600133996	4632576
618	tests/uuf100-430/uuf100-0349.cnf	false	0.140224587	0.1405340510100359	4710400
619	tests/uuf100-430/uuf100-0302.cnf	false	0.140252949	0.14053463499294594	4702208
620	tests/uuf100-430/uuf100-0991.cnf	false	0.14025678	0.1406604799994966	4710400
621	tests/uuf100-430/uuf100-015.cnf	false	0.140391197	0.141407546994742	4657152
622	tests/uuf100-430/uuf100-0544.cnf	false	0.140441692	0.14098446699790657	4706304
623	tests/uuf100-430/uuf100-0411.cnf	false	0.140626014	0.14111984899500385	4657152
624	tests/uuf100-430/uuf100-0249.cnf	false	0.140772096	0.14118683298875112	4661248
625	tests/uuf100-430/uuf100-0189.cnf	false	0.140787017	0.14113698099390604	4661248
626	tests/uuf100-430/uuf100-0376.cnf	false	0.140873806	0.14134414900036063	4718592
627	tests/uuf100-430/uuf100-0809.cnf	false	0.141142668	0.14144388200656977	4722688
628	tests/uuf100-430/uuf100-0884.cnf	false	0.141219638	0.14167071699921507	4726784
629	tests/uuf100-430/uuf100-0770.cnf	false	0.141377819	0.1416342009906657	4714496
630	tests/uuf100-430/uuf100-0734.cnf	false	0.141495197	0.14240692800376564	4685824
631	tests/uuf100-430/uuf100-0617.cnf	false	0.141577402	0.14192642600391991	4710400
632	tests/uuf100-430/uuf100-0728.cnf	false	0.141744451	0.14205629700154532	4734976
633	tests/uuf100-430/uuf100-0992.cnf	false	0.141759744	0.14212174199928995	4624384
634	tests/uuf100-430/uuf100-0451.cnf	false	0.141779775	0.14234527898952365	4628480
635	tests/uuf100-430/uuf100-0495.cnf	false	0.141813901	0.14208968900493346	4661248
636	tests/uuf100-430/uuf100-0609.cnf	false	0.142069122	0.14269201700517442	4710400
637	tests/uuf100-430/uuf100-0680.cnf	false	0.142155002	0.14237838999542873	4661248
638	tests/uuf100-430/uuf100-0830.cnf	false	0.142157564	0.1424590660026297	4636672
639	tests/uuf100-430/uuf100-0228.cnf	false	0.142183535	0.14464375999523327	4730880
640	tests/uuf100-430/uuf100-0423.cnf	false	0.142268609	0.14316579600563273	4653056
641	tests/uuf100-430/uuf100-0705.cnf	false	0.142314581	0.1428036709985463	4669440
642	tests/uuf100-430/uuf100-0200.cnf	false	0.142408283	0.14351796099799685	4722688
643	tests/uuf100-430/uuf100-0216.cnf	false	0.142423907	0.14268854800320696	4689920
644	tests/uuf100-430/uuf100-0137.cnf	false	0.142996491	0.14416979199449997	4644864
645	tests/uuf100-430/uuf100-0614.cnf	false	0.143125788	0.1433824740088312	4718592
646	tests/uuf100-430/uuf100-0323.cnf	false	0.14316243	0.14350359700620174	4669440
647	tests/uuf100-430/uuf100-0795.cnf	false	0.143421189	0.14369890099624172	4714496
648	tests/uuf100-430/uuf100-0974.cnf	false	0.143447172	0.1438366600050358	4730880
649	tests/uuf100-430/uuf100-052.cnf	false	0.144101034	0.14438785999664105	4706304
650	tests/uuf100-430/uuf100-0779.cnf	false	0.144123674	0.14557460299693048	4657152
651	tests/uuf100-430/uuf100-0111.cnf	false	0.144466438	0.14478456799406558	4685824
652	tests/uuf100-430/uuf100-020.cnf	false	0.144560084	0.14497756298806053	4718592
653	tests/uuf100-430/uuf100-0296.cnf	false	0.144623785	0.14528379100374877	4714496
654	tests/uuf100-430/uuf100-0580.cnf	false	0.144720825	0.1483396280091256	4714496
655	tests/uuf100-430/uuf100-0282.cnf	false	0.144858977	0.1455144680076046	4661248
656	tests/uuf100-430/uuf100-0225.cnf	false	0.145309661	0.1457857599889394	4636672
657	tests/uuf100-430/uuf100-0801.cnf	false	0.145346763	0.14560123799310531	4706304
658	tests/uuf100-430/uuf100-0861.cnf	false	0.145610609	0.14593835201230831	4706304
659	tests/uuf100-430/uuf100-0879.cnf	false	0.145641263	0.1459667199960677	4726784
660	tests/uuf100-430/uuf100-0191.cnf	false	0.14575613	0.14685932200518437	4710400
661	tests/uuf100-430/uuf100-0845.cnf	false	0.145764018	0.14609757300058845	4685824
662	tests/uuf100-430/uuf100-0737.cnf	false	0.145900052	0.14616422200924717	4653056
663	tests/uuf100-430/uuf100-0726.cnf	false	0.146018339	0.1463371720019495	4726784
664	tests/uuf100-430/uuf100-0151.cnf	false	0.146154078	0.14648403201135807	4710400
665	tests/uuf100-430/uuf100-0319.cnf	false	0.146250339	0.14716455499001313	4636672
666	tests/uuf100-430/uuf100-0331.cnf	false	0.146345591	0.14800443200510927	4730880
667	tests/uuf100-430/uuf100-0897.cnf	false	0.14659463	0.1469554629875347	4644864
668	tests/uuf100-430/uuf100-0103.cnf	false	0.146687859	0.14712210900324862	4628480
669	tests/uuf100-430/uuf100-0903.cnf	false	0.14670876	0.14734193700132892	4657152
670	tests/uuf100-430/uuf100-0160.cnf	false	0.146797819	0.14784405300451908	4722688
671	tests/uuf100-430/uuf100-0518.cnf	false	0.147067182	0.14767611000570469	4657152
672	tests/uuf100-430/uuf100-085.cnf	false	0.147087266	0.14785202298662625	4648960
673	tests/uuf100-430/uuf100-0878.cnf	false	0.147122052	0.14776007100590505	4718592
674	tests/uuf100-430/uuf100-04.cnf	false	0.147192695	0.14763873899937607	4620288
675	tests/uuf100-430/uuf100-0591.cnf	false	0.147547228	0.14790516599896364	4718592
676	tests/uuf100-430/uuf100-0381.cnf	false	0.147700576	0.14856962500198279	4706304
677	tests/uuf100-430/uuf100-0384.cnf	false	0.147876023	0.14815440399979707	4624384
678	tests/uuf100-430/uuf100-027.cnf	false	0.147980975	0.1482264700025553	4706304
679	tests/uuf100-430/uuf100-0107.cnf	false	0.148304009	0.14870936499210075	4726784
680	tests/uuf100-430/uuf100-0341.cnf	false	0.148409417	0.1487283030000981	4739072
681	tests/uuf100-430/uuf100-0148.cnf	false	0.148424424	0.14885222699376754	4694016
682	tests/uuf100-430/uuf100-057.cnf	false	0.148441246	0.14867783899535425	4657152
683	tests/uuf100-430/uuf100-0463.cnf	false	0.148448806	0.1501708290015813	4714496
684	tests/uuf100-430/uuf100-0906.cnf	false	0.148503449	0.1488136590050999	4710400
685	tests/uuf100-430/uuf100-0682.cnf	false	0.148695101	0.14897588398889638	4714496
686	tests/uuf100-430/uuf100-0851.cnf	false	0.148715699	0.14943357999436557	4722688
687	tests/uuf100-430/uuf100-075.cnf	false	0.149095404	0.14971555800002534	4710400
688	tests/uuf100-430/uuf100-0299.cnf	false	0.149115602	0.14971072800108232	4669440
689	tests/uuf100-430/uuf100-0263.cnf	false	0.149633827	0.1499557939969236	4657152
690	tests/uuf100-430/uuf100-0672.cnf	false	0.14970076	0.15007834498828743	4710400
691	tests/uuf100-430/uuf100-033.cnf	false	0.149911713	0.15021916199475527	4632576
692	tests/uuf100-430/uuf100-0206.cnf	false	0.150138303	0.150415084004635	4722688
693	tests/uuf100-430/uuf100-0442.cnf	false	0.150152072	0.15079065400641412	4706304
694	tests/uuf100-430/uuf100-0857.cnf	false	0.150227208	0.15067502799502108	4653056
695	tests/uuf100-430/uuf100-0553.cnf	false	0.1503944	0.15065984100510832	4710400
696	tests/uuf100-430/uuf100-0683.cnf	false	0.150571458	0.15085234900470823	4710400
697	tests/uuf100-430/uuf100-0420.cnf	false	0.150700695	0.1510720089863753	4657152
698	tests/uuf100-430/uuf100-071.cnf	false	0.150924692	0.15232834199559875	4640768
699	tests/uuf100-430/uuf100-0395.cnf	false	0.150958557	0.1516792359907413	4657152
700	tests/uuf100-430/uuf100-0753.cnf	false	0.151080292	0.15157698700204492	4640768
701	tests/uuf100-430/uuf100-0788.cnf	false	0.151208235	0.1515375680028228	4706304
702	tests/uuf100-430/uuf100-0987.cnf	false	0.151349793	0.1529057560110232	4653056
703	tests/uuf100-430/uuf100-079.cnf	false	0.151371952	0.15164882999670226	4710400
704	tests/uuf100-430/uuf100-084.cnf	false	0.151387463	0.15165898700070102	4714496
705	tests/uuf100-430/uuf100-0912.cnf	false	0.151406973	0.1517037209996488	4714496
706	tests/uuf100-430/uuf100-0297.cnf	false	0.151560966	0.1519558540021535	4677632
707	tests/uuf100-430/uuf100-0486.cnf	false	0.151652318	0.15192988200578839	4661248
708	tests/uuf100-430/uuf100-0836.cnf	false	0.151752642	0.15199977799784392	4714496
709	tests/uuf100-430/uuf100-0202.cnf	false	0.151874152	0.15210598200792447	4718592
710	tests/uuf100-430/uuf100-0412.cnf	false	0.151892795	0.15236341599666048	4624384
711	tests/uuf100-430/uuf100-0444.cnf	false	0.15247981	0.15273539700137917	4636672
712	tests/uuf100-430/uuf100-0569.cnf	false	0.152654067	0.15438546299992595	4665344
713	tests/uuf100-430/uuf100-0304.cnf	false	0.152735542	0.15310079300252255	4706304
714	tests/uuf100-430/uuf100-0602.cnf	false	0.152768816	0.1530469040008029	4710400
715	tests/uuf100-430/uuf100-0346.cnf	false	0.152769402	0.1535643009992782	4734976
716	tests/uuf100-430/uuf100-0185.cnf	false	0.152792234	0.15312707699195016	4665344
717	tests/uuf100-430/uuf100-0975.cnf	false	0.153062282	0.1534643449995201	4710400
718	tests/uuf100-430/uuf100-0859.cnf	false	0.153245109	0.15416131699748803	4722688
719	tests/uuf100-430/uuf100-0315.cnf	false	0.153251948	0.15368584600219037	4648960
720	tests/uuf100-430/uuf100-086.cnf	false	0.153289323	0.15414481700281613	4730880
721	tests/uuf100-430/uuf100-0865.cnf	false	0.153392965	0.15403021399106365	4661248
722	tests/uuf100-430/uuf100-0347.cnf	false	0.153613298	0.15396182698896155	4636672
723	tests/uuf100-430/uuf100-0570.cnf	false	0.153692215	0.15417960900231265	4706304
724	tests/uuf100-430/uuf100-0143.cnf	false	0.153720043	0.1544875969993882	4722688
725	tests/uuf100-430/uuf100-0934.cnf	false	0.153739716	0.15395662300579716	4714496
726	tests/uuf100-430/uuf100-0554.cnf	false	0.154051572	0.15435543400235474	4710400
727	tests/uuf100-430/uuf100-0350.cnf	false	0.154114584	0.15435528500529472	4702208
728	tests/uuf100-430/uuf100-0460.cnf	false	0.15416077	0.15491387000656687	4706304
729	tests/uuf100-430/uuf100-0517.cnf	false	0.154299504	0.15452424199611414	4640768
730	tests/uuf100-430/uuf100-0201.cnf	false	0.154321106	0.15467749899835326	4665344
731	tests/uuf100-430/uuf100-010.cnf	false	0.154632363	0.1548488330008695	4657152
732	tests/uuf100-430/uuf100-0574.cnf	false	0.154776623	0.1550190179987112	4726784
733	tests/uuf100-430/uuf100-0213.cnf	false	0.155352339	0.15560447401367128	4653056
734	tests/uuf100-430/uuf100-0735.cnf	false	0.155453824	0.1560109550046036	4632576
735	tests/uuf100-430/uuf100-0245.cnf	false	0.155660276	0.15595438401214778	4722688
736	tests/uuf100-430/uuf100-0175.cnf	false	0.155738872	0.1560113740124507	4657152
737	tests/uuf100-430/uuf100-048.cnf	false	0.155774587	0.15620266000041738	4718592
738	tests/uuf100-430/uuf100-0653.cnf	false	0.155944584	0.1563850639940938	4648960
739	tests/uuf100-430/uuf100-0292.cnf	false	0.156001069	0.15626985799463	4665344
740	tests/uuf100-430/uuf100-0658.cnf	false	0.156300741	0.15663781799958088	4706304
741	tests/uuf100-430/uuf100-0597.cnf	false	0.156362521	0.15661052499490324	4726784
742	tests/uuf100-430/uuf100-0180.cnf	false	0.156630709	0.1568712660082383	4657152
743	tests/uuf100-430/uuf100-0117.cnf	false	0.156827645	0.15710896799282636	4640768
744	tests/uuf100-430/uuf100-0178.cnf	false	0.157303577	0.1576700629957486	4640768
745	tests/uuf100-430/uuf100-0527.cnf	false	0.157330702	0.15785965800751	4714496
746	tests/uuf100-430/uuf100-0508.cnf	false	0.157427537	0.1577174159901915	4689920
747	tests/uuf100-430/uuf100-0649.cnf	false	0.157469981	0.15786814100283664	4694016
748	tests/uuf100-430/uuf100-0145.cnf	false	0.157591606	0.1578509760001907	4665344
749	tests/uuf100-430/uuf100-0326.cnf	false	0.15759821	0.1578961319901282	4730880
750	tests/uuf100-430/uuf100-089.cnf	false	0.15761389	0.15820564799651038	4669440
751	tests/uuf100-430/uuf100-0797.cnf	false	0.157676411	0.15900883100403007	4665344
752	tests/uuf100-430/uuf100-0531.cnf	false	0.157724137	0.15824930800590664	4677632
753	tests/uuf100-430/uuf100-0557.cnf	false	0.157778415	0.15806448900548276	4689920
754	tests/uuf100-430/uuf100-068.cnf	false	0.157821554	0.16224863700335845	4710400
755	tests/uuf100-430/uuf100-0864.cnf	false	0.157971776	0.15849488999811	4665344
756	tests/uuf100-430/uuf100-016.cnf	false	0.158045978	0.1586369470023783	4628480
757	tests/uuf100-430/uuf100-067.cnf	false	0.158147171	0.15833586700318847	4706304
758	tests/uuf100-430/uuf100-0157.cnf	false	0.158545619	0.15935141299269162	4718592
759	tests/uuf100-430/uuf100-096.cnf	false	0.158596745	0.15891724299581256	4706304
760	tests/uuf100-430/uuf100-0466.cnf	false	0.15868727	0.15900769099243917	4710400
761	tests/uuf100-430/uuf100-0650.cnf	false	0.15885772	0.15948334899439942	4648960
762	tests/uuf100-430/uuf100-0624.cnf	false	0.158911524	0.1591943609964801	4714496
763	tests/uuf100-430/uuf100-0367.cnf	false	0.159527101	0.16013485498842783	4640768
764	tests/uuf100-430/uuf100-0663.cnf	false	0.160346562	0.16078350000316277	4722688
765	tests/uuf100-430/uuf100-0467.cnf	false	0.160655577	0.16097987799730618	4710400
766	tests/uuf100-430/uuf100-0521.cnf	false	0.160857598	0.16116714199597482	4665344
767	tests/uuf100-430/uuf100-0426.cnf	false	0.160949486	0.16120026200951543	4714496
768	tests/uuf100-430/uuf100-0730.cnf	false	0.160952807	0.1612179039948387	4657152
769	tests/uuf100-430/uuf100-0584.cnf	false	0.161113059	0.16238821198930964	4714496
770	tests/uuf100-430/uuf100-0562.cnf	false	0.161224702	0.16173261000949424	4661248
771	tests/uuf100-430/uuf100-0862.cnf	false	0.161560413	0.1621883139887359	4730880
772	tests/uuf100-430/uuf100-0322.cnf	false	0.161693786	0.16196312599640805	4644864
773	tests/uuf100-430/uuf100-023.cnf	false	0.161812016	0.1628501579980366	4636672
774	tests/uuf100-430/uuf100-0545.cnf	false	0.161884897	0.1622562209959142	4640768
775	tests/uuf100-430/uuf100-036.cnf	false	0.162285038	0.16257403000781778	4706304
776	tests/uuf100-430/uuf100-0494.cnf	false	0.162371067	0.16270794901356567	4722688
777	tests/uuf100-430/uuf100-0120.cnf	false	0.162372816	0.16265124001074582	4710400
778	tests/uuf100-430/uuf100-0688.cnf	false	0.162427188	0.1628740390005987	4698112
779	tests/uuf100-430/uuf100-0266.cnf	false	0.162549862	0.16317517300194595	4710400
780	tests/uuf100-430/uuf100-0766.cnf	false	0.162696902	0.163010629999917	4718592
781	tests/uuf100-430/uuf100-0452.cnf	false	0.162770207	0.1631458379997639	4644864
782	tests/uuf100-430/uuf100-0729.cnf	false	0.162794997	0.1629795839980943	4628480
783	tests/uuf100-430/uuf100-0285.cnf	false	0.16281801	0.1632314070011489	4706304
784	tests/uuf100-430/uuf100-0209.cnf	false	0.16297008	0.16340760000457522	4648960
785	tests/uuf100-430/uuf100-0353.cnf	false	0.162989536	0.16409512799873482	4726784
786	tests/uuf100-430/uuf100-0421.cnf	false	0.163058075	0.16331078100483865	4677632
787	tests/uuf100-430/uuf100-021.cnf	false	0.163082684	0.16351015600957908	4669440
788	tests/uuf100-430/uuf100-0128.cnf	false	0.163234495	0.16354193798906635	4706304
789	tests/uuf100-430/uuf100-0646.cnf	false	0.163255458	0.1636014950054232	4718592
790	tests/uuf100-430/uuf100-0799.cnf	false	0.163551745	0.16398458900221158	4726784
791	tests/uuf100-430/uuf100-0188.cnf	false	0.163586695	0.1639262460084865	4628480
792	tests/uuf100-430/uuf100-0207.cnf	false	0.163820003	0.16422464499191847	4722688
793	tests/uuf100-430/uuf100-0483.cnf	false	0.163851539	0.16416390999802388	4640768
794	tests/uuf100-430/uuf100-0941.cnf	false	0.164026367	0.16435942500538658	4689920
795	tests/uuf100-430/uuf100-095.cnf	false	0.164046145	0.16437135500018485	4734976
796	tests/uuf100-430/uuf100-0314.cnf	false	0.164382039	0.16471639600058552	4661248
797	tests/uuf100-430/uuf100-0873.cnf	false	0.16448778	0.16634984299889766	4722688
798	tests/uuf100-430/uuf100-0221.cnf	false	0.164872151	0.16518351600097958	4657152
799	tests/uuf100-430/uuf100-0697.cnf	false	0.165464132	0.16575357799592894	4653056
800	tests/uuf100-430/uuf100-0917.cnf	false	0.165762792	0.16606902799685486	4726784
801	tests/uuf100-430/uuf100-024.cnf	false	0.166562405	0.16685132498969324	4661248
802	tests/uuf100-430/uuf100-045.cnf	false	0.166721062	0.16744065599050373	4714496
803	tests/uuf100-430/uuf100-0555.cnf	false	0.16724488	0.16889550800260622	4673536
804	tests/uuf100-430/uuf100-0208.cnf	false	0.167608895	0.16797744200448506	4706304
805	tests/uuf100-430/uuf100-0434.cnf	false	0.167675061	0.16796228500606958	4702208
806	tests/uuf100-430/uuf100-0703.cnf	false	0.167692423	0.16830415600270499	4706304
807	tests/uuf100-430/uuf100-0357.cnf	false	0.167777951	0.16805781099537853	4702208
808	tests/uuf100-430/uuf100-0487.cnf	false	0.167834087	0.17006216700247023	4706304
809	tests/uuf100-430/uuf100-0763.cnf	false	0.168114426	0.16847215799498372	4726784
810	tests/uuf100-430/uuf100-0835.cnf	false	0.168300724	0.16857108499971218	4698112
811	tests/uuf100-430/uuf100-0488.cnf	false	0.168424065	0.16868226999940816	4710400
812	tests/uuf100-430/uuf100-0937.cnf	false	0.168559883	0.16913159399700817	4718592
813	tests/uuf100-430/uuf100-0622.cnf	false	0.168571125	0.16889457100478467	4730880
814	tests/uuf100-430/uuf100-0746.cnf	false	0.169010894	0.16944613699160982	4657152
815	tests/uuf100-430/uuf100-091.cnf	false	0.169278001	0.17076019701198675	4714496
816	tests/uuf100-430/uuf100-0620.cnf	false	0.169347788	0.1696864400000777	4648960
817	tests/uuf100-430/uuf100-0490.cnf	false	0.169369881	0.1740940989984665	4730880
818	tests/uuf100-430/uuf100-0790.cnf	false	0.169370164	0.16967434600519482	4640768
819	tests/uuf100-430/uuf100-0823.cnf	false	0.169723679	0.17013240599771962	4714496
820	tests/uuf100-430/uuf100-0102.cnf	false	0.16975865	0.17033649900986347	4710400
821	tests/uuf100-430/uuf100-0607.cnf	false	0.169794	0.1700692800077377	4640768
822	tests/uuf100-430/uuf100-0214.cnf	false	0.169869463	0.17022342400741763	4702208
823	tests/uuf100-430/uuf100-0481.cnf	false	0.170760491	0.1713207550055813	4661248
824	tests/uuf100-430/uuf100-0720.cnf	false	0.17092018	0.1712312190065859	4644864
825	tests/uuf100-430/uuf100-0231.cnf	false	0.170985087	0.17210237598919775	4714496
826	tests/uuf100-430/uuf100-0172.cnf	false	0.170992402	0.17137873299361672	4640768
827	tests/uuf100-430/uuf100-0616.cnf	false	0.171070333	0.17152540800452698	4710400
828	tests/uuf100-430/uuf100-0798.cnf	false	0.1710866	0.17177334798907395	4718592
829	tests/uuf100-430/uuf100-011.cnf	false	0.171402199	0.17165029000898357	4710400
830	tests/uuf100-430/uuf100-0432.cnf	false	0.172090802	0.17253422799694818	4726784
831	tests/uuf100-430/uuf100-0368.cnf	false	0.172484292	0.17282232698926236	4648960
832	tests/uuf100-430/uuf100-0264.cnf	false	0.172612926	0.17288116400595754	4726784
833	tests/uuf100-430/uuf100-0852.cnf	false	0.172885059	0.17321739600447472	4710400
834	tests/uuf100-430/uuf100-0758.cnf	false	0.172909431	0.17322532899561338	4636672
835	tests/uuf100-430/uuf100-0971.cnf	false	0.172953826	0.17322785899159499	4706304
836	tests/uuf100-430/uuf100-0968.cnf	false	0.172956158	0.17328516900306568	4714496
837	tests/uuf100-430/uuf100-0660.cnf	false	0.173131742	0.18228385399561375	4718592
838	tests/uuf100-430/uuf100-0542.cnf	false	0.173407034	0.17372710299969185	4661248
839	tests/uuf100-430/uuf100-0707.cnf	false	0.173598495	0.17391158400278073	4681728
840	tests/uuf100-430/uuf100-0855.cnf	false	0.173754016	0.17428889499569777	4640768
841	tests/uuf100-430/uuf100-0560.cnf	false	0.173957973	0.17433280999830458	4669440
842	tests/uuf100-430/uuf100-0535.cnf	false	0.174510765	0.1748780220077606	4714496
843	tests/uuf100-430/uuf100-0899.cnf	false	0.174552691	0.1747838290029904	4710400
844	tests/uuf100-430/uuf100-0335.cnf	false	0.174889329	0.17600958100229036	4648960
845	tests/uuf100-430/uuf100-0190.cnf	false	0.175335655	0.1756669369933661	4710400
846	tests/uuf100-430/uuf100-0324.cnf	false	0.175365019	0.17581365400110371	4730880
847	tests/uuf100-430/uuf100-0872.cnf	false	0.175520089	0.17586257700168062	4710400
848	tests/uuf100-430/uuf100-0752.cnf	false	0.175665695	0.17619060599827208	4640768
849	tests/uuf100-430/uuf100-0709.cnf	false	0.176996811	0.1772545230051037	4718592
850	tests/uuf100-430/uuf100-0514.cnf	false	0.177217146	0.17762584300362505	4714496
851	tests/uuf100-430/uuf100-0866.cnf	false	0.177252734	0.1775426759995753	4722688
852	tests/uuf100-430/uuf100-0530.cnf	false	0.177496681	0.17795540399674792	4714496
853	tests/uuf100-430/uuf100-0926.cnf	false	0.177595748	0.17821113200625405	4710400
854	tests/uuf100-430/uuf100-0373.cnf	false	0.177695461	0.17802653000399005	4665344
855	tests/uuf100-430/uuf100-0168.cnf	false	0.177747365	0.1781443619984202	4685824
856	tests/uuf100-430/uuf100-0205.cnf	false	0.177847434	0.17864379700040445	4665344
857	tests/uuf100-430/uuf100-0825.cnf	false	0.177962609	0.17826128199521918	4657152
858	tests/uuf100-430/uuf100-0278.cnf	false	0.178590587	0.17930938900099136	4661248
859	tests/uuf100-430/uuf100-0267.cnf	false	0.178676646	0.1789927809877554	4710400
860	tests/uuf100-430/uuf100-0396.cnf	false	0.179451669	0.17970767999941017	4714496
861	tests/uuf100-430/uuf100-0333.cnf	false	0.179782644	0.18010933000186924	4710400
862	tests/uuf100-430/uuf100-074.cnf	false	0.179786811	0.18034806598734576	4648960
863	tests/uuf100-430/uuf100-0227.cnf	false	0.180610714	0.18123604198626708	4730880
864	tests/uuf100-430/uuf100-0839.cnf	false	0.180676922	0.18100041600700933	4677632
865	tests/uuf100-430/uuf100-0132.cnf	false	0.180995925	0.18166683200979605	4718592
866	tests/uuf100-430/uuf100-047.cnf	false	0.181101189	0.18138805399939884	4706304
867	tests/uuf100-430/uuf100-0719.cnf	false	0.181143192	0.18273957300698385	4730880
868	tests/uuf100-430/uuf100-0563.cnf	false	0.18144472	0.1818031940056244	4665344
869	tests/uuf100-430/uuf100-0186.cnf	false	0.181610056	0.1820749249891378	4734976
870	tests/uuf100-430/uuf100-0922.cnf	false	0.181994856	0.1836046009993879	4714496
871	tests/uuf100-430/uuf100-0960.cnf	false	0.182097246	0.18234891499741934	4653056
872	tests/uuf100-430/uuf100-0365.cnf	false	0.182477945	0.18283770700509194	4710400
873	tests/uuf100-430/uuf100-0405.cnf	false	0.18253705	0.18305809400044382	4685824
874	tests/uuf100-430/uuf100-0571.cnf	false	0.182685877	0.18310731399105862	4722688
875	tests/uuf100-430/uuf100-093.cnf	false	0.183339725	0.1837516749947099	4640768
876	tests/uuf100-430/uuf100-0290.cnf	false	0.183715324	0.18432768000639044	4702208
877	tests/uuf100-430/uuf100-0757.cnf	false	0.184265503	0.1884288720029872	4669440
878	tests/uuf100-430/uuf100-0356.cnf	false	0.184411328	0.18466613799682818	4673536
879	tests/uuf100-430/uuf100-0259.cnf	false	0.184665627	0.18491546499717515	4718592
880	tests/uuf100-430/uuf100-0248.cnf	false	0.184751582	0.1852719070011517	4722688
881	tests/uuf100-430/uuf100-0893.cnf	false	0.185116995	0.18559536199609283	4665344
882	tests/uuf100-430/uuf100-0438.cnf	false	0.186035213	0.18663346400717273	4710400
883	tests/uuf100-430/uuf100-03.cnf	false	0.186127418	0.18649641300726216	4710400
884	tests/uuf100-430/uuf100-0507.cnf	false	0.186188175	0.18648862298869062	4722688
885	tests/uuf100-430/uuf100-0547.cnf	false	0.18620045	0.18658848099585157	4661248
886	tests/uuf100-430/uuf100-0932.cnf	false	0.186551417	0.18687559399404563	4624384
887	tests/uuf100-430/uuf100-0824.cnf	false	0.186969579	0.18727115500951186	4710400
888	tests/uuf100-430/uuf100-0950.cnf	false	0.18801327	0.19059888500487432	4730880
889	tests/uuf100-430/uuf100-0140.cnf	false	0.188182047	0.18859557098767255	4718592
890	tests/uuf100-430/uuf100-0234.cnf	false	0.188671348	0.18898967499262653	4710400
891	tests/uuf100-430/uuf100-0831.cnf	false	0.189154383	0.18941797899606172	4714496
892	tests/uuf100-430/uuf100-0739.cnf	false	0.18920565	0.18953690798662137	4673536
893	tests/uuf100-430/uuf100-0843.cnf	false	0.189223416	0.18948876700596884	4661248
894	tests/uuf100-430/uuf100-0418.cnf	false	0.190112654	0.19055679900338873	4706304
895	tests/uuf100-430/uuf100-0198.cnf	false	0.190172168	0.1904251030064188	4648960
896	tests/uuf100-430/uuf100-0927.cnf	false	0.190478996	0.19099902799644042	4653056
897	tests/uuf100-430/uuf100-0255.cnf	false	0.190775672	0.19108763699478004	4722688
898	tests/uuf100-430/uuf100-0413.cnf	false	0.190925682	0.1912006049969932	4734976
899	tests/uuf100-430/uuf100-0693.cnf	false	0.191241506	0.1916459960048087	4653056
900	tests/uuf100-430/uuf100-0807.cnf	false	0.191445603	0.19176494400016963	4673536
901	tests/uuf100-430/uuf100-0800.cnf	false	0.191624648	0.19210692700289655	4673536
902	tests/uuf100-430/uuf100-0222.cnf	false	0.193251417	0.19358579099935014	4710400
903	tests/uuf100-430/uuf100-070.cnf	false	0.194563817	0.19492964498931542	4657152
904	tests/uuf100-430/uuf100-0892.cnf	false	0.195131031	0.1956448860000819	4718592
905	tests/uuf100-430/uuf100-0944.cnf	false	0.195672011	0.19605575200694147	4710400
906	tests/uuf100-430/uuf100-0129.cnf	false	0.19671966	0.19807827300974168	4706304
907	tests/uuf100-430/uuf100-0880.cnf	false	0.19736178	0.19771066600515042	4685824
908	tests/uuf100-430/uuf100-080.cnf	false	0.197830873	0.19814180600224063	4661248
909	tests/uuf100-430/uuf100-0959.cnf	false	0.197987818	0.1990573490038514	4710400
910	tests/uuf100-430/uuf100-0595.cnf	false	0.198475929	0.19898452699999325	4726784
911	tests/uuf100-430/uuf100-0853.cnf	false	0.198490425	0.19881883000198286	4706304
912	tests/uuf100-430/uuf100-0265.cnf	false	0.198981977	0.19924937799805775	4726784
913	tests/uuf100-430/uuf100-0123.cnf	false	0.199452613	0.19983391600544564	4714496
914	tests/uuf100-430/uuf100-0402.cnf	false	0.200522958	0.20084227099141572	4710400
915	tests/uuf100-430/uuf100-0976.cnf	false	0.201596001	0.20218379401194397	4726784
916	tests/uuf100-430/uuf100-0556.cnf	false	0.201664297	0.202023621997796	4706304
917	tests/uuf100-430/uuf100-0115.cnf	false	0.202699393	0.20318302800296806	4722688
918	tests/uuf100-430/uuf100-0613.cnf	false	0.203624883	0.20394887500151526	4628480
919	tests/uuf100-430/uuf100-0226.cnf	false	0.203829293	0.20424070399894845	4710400
920	tests/uuf100-430/uuf100-0774.cnf	false	0.204298129	0.20458323300408665	4702208
921	tests/uuf100-430/uuf100-0342.cnf	false	0.204381003	0.20474931701028254	4726784
922	tests/uuf100-430/uuf100-0713.cnf	false	0.204897169	0.20539420998829883	4636672
923	tests/uuf100-430/uuf100-0664.cnf	false	0.205254907	0.20564334400114603	4661248
924	tests/uuf100-430/uuf100-0224.cnf	false	0.205263447	0.20570271799806505	4665344
925	tests/uuf100-430/uuf100-0639.cnf	false	0.205395894	0.2967290359956678	4718592
926	tests/uuf100-430/uuf100-0511.cnf	false	0.205812252	0.20612803900439758	4661248
927	tests/uuf100-430/uuf100-0294.cnf	false	0.206133787	0.20688140799757093	4714496
928	tests/uuf100-430/uuf100-0254.cnf	false	0.206310768	0.20681742700980976	4661248
929	tests/uuf100-430/uuf100-0796.cnf	false	0.206528143	0.20681411000259686	4673536
930	tests/uuf100-430/uuf100-0654.cnf	false	0.206685638	0.20698538099532016	4710400
931	tests/uuf100-430/uuf100-0933.cnf	false	0.207209544	0.20886471901030745	4669440
932	tests/uuf100-430/uuf100-0915.cnf	false	0.208045066	0.20903775599435903	4640768
933	tests/uuf100-430/uuf100-0498.cnf	false	0.208308041	0.208693447013502	4657152
934	tests/uuf100-430/uuf100-061.cnf	false	0.208417111	0.20915684298961423	4710400
935	tests/uuf100-430/uuf100-0238.cnf	false	0.208777304	0.209217968993471	4640768
936	tests/uuf100-430/uuf100-0312.cnf	false	0.209083839	0.20946506499603856	4706304
937	tests/uuf100-430/uuf100-0156.cnf	false	0.210295587	0.21095767398946919	4730880
938	tests/uuf100-430/uuf100-0499.cnf	false	0.210742277	0.21138723701005802	4714496
939	tests/uuf100-430/uuf100-0767.cnf	false	0.211158209	0.21146756999951322	4636672
940	tests/uuf100-430/uuf100-0293.cnf	false	0.212879333	0.2133376409910852	4734976
941	tests/uuf100-430/uuf100-0283.cnf	false	0.212979658	0.21326599801250268	4640768
942	tests/uuf100-430/uuf100-0716.cnf	false	0.212996129	0.21331359900068492	4706304
943	tests/uuf100-430/uuf100-0869.cnf	false	0.213896016	0.21466571600467432	4710400
944	tests/uuf100-430/uuf100-0241.cnf	false	0.214253992	0.2147593770059757	4722688
945	tests/uuf100-430/uuf100-0982.cnf	false	0.214359227	0.21490292200178374	4620288
946	tests/uuf100-430/uuf100-0668.cnf	false	0.214394164	0.2147517380071804	4714496
947	tests/uuf100-430/uuf100-097.cnf	false	0.217475662	0.21837699000025168	4661248
948	tests/uuf100-430/uuf100-0258.cnf	false	0.217639878	0.21821342699695379	4653056
949	tests/uuf100-430/uuf100-0812.cnf	false	0.218152182	0.21841823399881832	4706304
950	tests/uuf100-430/uuf100-0370.cnf	false	0.218214639	0.21842157399805728	4648960
951	tests/uuf100-430/uuf100-0371.cnf	false	0.218811702	0.2192464740073774	4640768
952	tests/uuf100-430/uuf100-0601.cnf	false	0.221030254	0.22139263000281062	4673536
953	tests/uuf100-430/uuf100-0505.cnf	false	0.222738192	0.223053551002522	4669440
954	tests/uuf100-430/uuf100-0888.cnf	false	0.22309819	0.22342483799729962	4657152
955	tests/uuf100-430/uuf100-0541.cnf	false	0.223498908	0.22426006200839765	4710400
956	tests/uuf100-430/uuf100-0967.cnf	false	0.224134366	0.22451979698962532	4665344
957	tests/uuf100-430/uuf100-0404.cnf	false	0.224596786	0.22498797399748582	4726784
958	tests/uuf100-430/uuf100-0665.cnf	false	0.224665629	0.22502901799452957	4677632
959	tests/uuf100-430/uuf100-0131.cnf	false	0.224992289	0.22525231100735255	4644864
960	tests/uuf100-430/uuf100-025.cnf	false	0.225334625	0.225817405997077	4730880
961	tests/uuf100-430/uuf100-0589.cnf	false	0.226069818	0.22640911399503238	4710400
962	tests/uuf100-430/uuf100-0760.cnf	false	0.227844972	0.22814827298861928	4636672
963	tests/uuf100-430/uuf100-0792.cnf	false	0.227943009	0.22824993199901655	4648960
964	tests/uuf100-430/uuf100-0874.cnf	false	0.229786182	0.23025725300249178	4632576
965	tests/uuf100-430/uuf100-0900.cnf	false	0.229871643	0.23022951300663408	4710400
966	tests/uuf100-430/uuf100-0440.cnf	false	0.230265984	0.23085641300713178	4665344
967	tests/uuf100-430/uuf100-0902.cnf	false	0.230735153	0.2311572929902468	4714496
968	tests/uuf100-430/uuf100-0212.cnf	false	0.231721433	0.23207097600970883	4698112
969	tests/uuf100-430/uuf100-0738.cnf	false	0.231729005	0.23213238499010913	4710400
970	tests/uuf100-430/uuf100-0457.cnf	false	0.233473906	0.2341082369966898	4702208
971	tests/uuf100-430/uuf100-0771.cnf	false	0.234345239	0.23492510899086483	4710400
972	tests/uuf100-430/uuf100-0819.cnf	false	0.236953391	0.23720325299655087	4710400
973	tests/uuf100-430/uuf100-0287.cnf	false	0.237594008	0.23785016300098505	4714496
974	tests/uuf100-430/uuf100-0187.cnf	false	0.242644997	0.24300820499775	4661248
975	tests/uuf100-430/uuf100-0615.cnf	false	0.243794662	0.2443981270043878	4702208
976	tests/uuf100-430/uuf100-0875.cnf	false	0.245558677	0.24643220398866106	4718592
977	tests/uuf100-430/uuf100-0643.cnf	false	0.247588822	0.2478967139904853	4726784
978	tests/uuf100-430/uuf100-0538.cnf	false	0.248216242	0.24863656400702894	4661248
979	tests/uuf100-430/uuf100-0747.cnf	false	0.248725955	0.24914549000095576	4669440
980	tests/uuf100-430/uuf100-087.cnf	false	0.249057941	0.2497685679991264	4644864
981	tests/uuf100-430/uuf100-0913.cnf	false	0.252104757	0.2560490909963846	4636672
982	tests/uuf100-430/uuf100-0378.cnf	false	0.256685539	0.25743914800114	4665344
983	tests/uuf100-430/uuf100-0491.cnf	false	0.256767496	0.2572680369921727	4726784
984	tests/uuf100-430/uuf100-0138.cnf	false	0.261953403	0.26290378099656664	4665344
985	tests/uuf100-430/uuf100-076.cnf	false	0.262402888	0.2631859679968329	4640768
986	tests/uuf100-430/uuf100-0558.cnf	false	0.262975963	0.2631593420082936	4706304
987	tests/uuf100-430/uuf100-0644.cnf	false	0.263964327	0.26637629499600735	4726784
988	tests/uuf100-430/uuf100-0659.cnf	false	0.265426519	0.26571065800089855	4685824
989	tests/uuf100-430/uuf100-0465.cnf	false	0.267217921	0.2675378240091959	4710400
990	tests/uuf100-430/uuf100-0685.cnf	false	0.274019271	0.30352553800912574	4653056
991	tests/uuf100-430/uuf100-0939.cnf	false	0.2744184	0.2751895879919175	4706304
992	tests/uuf100-430/uuf100-0727.cnf	false	0.279485588	0.27976551999745425	4714496
993	tests/uuf100-430/uuf100-0673.cnf	false	0.287775724	0.28841992501111235	4657152
994	tests/uuf100-430/uuf100-0712.cnf	false	0.289621926	0.28998380099073984	4706304
995	tests/uuf100-430/uuf100-0842.cnf	false	0.295259616	0.2969871559907915	4730880
996	tests/uuf100-430/uuf100-0484.cnf	false	0.295359026	0.2957253679924179	4681728
997	tests/uuf100-430/uuf100-0742.cnf	false	0.307717937	0.31124321500828955	4677632
998	tests/uuf100-430/uuf100-0306.cnf	false	0.326294326	0.3270569980086293	4714496
999	tests/uuf100-430/uuf100-0244.cnf	false	0.354236093	0.35456315099145286	4710400
1000	tests/uuf100-430/uuf100-0336.cnf	false	0.378841844	0.379287261996069	4669440
