1	tests/uf100-430/uf100-0100.cnf	true	0.001244325	0.001457160004065372	1335296
2	tests/uf100-430/uf100-0206.cnf	true	0.001364953	0.0015417100003105588	1335296
3	tests/uf100-430/uf100-0551.cnf	true	0.001376189	0.00156927399802953	1335296
4	tests/uf100-430/uf100-0836.cnf	true	0.001383105	0.001522942999145016	1335296
5	tests/uf100-430/uf100-0834.cnf	true	0.001408799	0.0015959049997036345	1335296
6	tests/uf100-430/uf100-0344.cnf	true	0.001441586	0.001631389997783117	1335296
7	tests/uf100-430/uf100-0238.cnf	true	0.001507909	0.001656704000197351	1335296
8	tests/uf100-430/uf100-0728.cnf	true	0.001527532	0.003423369002121035	1335296
9	tests/uf100-430/uf100-0729.cnf	true	0.001537719	0.001725102003547363	1335296
10	tests/uf100-430/uf100-0783.cnf	true	0.001547561	0.0019043680003960617	1335296
11	tests/uf100-430/uf100-0822.cnf	true	0.001565613	0.0018478100028005429	1335296
12	tests/uf100-430/uf100-0957.cnf	true	0.001597618	0.001780587001121603	1335296
13	tests/uf100-430/uf100-0345.cnf	true	0.001617328	0.0018114050035364926	1335296
14	tests/uf100-430/uf100-0260.cnf	true	0.001621974	0.0023245219999807887	1335296
15	tests/uf100-430/uf100-0549.cnf	true	0.001626756	0.0018864259982365184	1335296
16	tests/uf100-430/uf100-0952.cnf	true	0.001648462	0.002092636001179926	1335296
17	tests/uf100-430/uf100-0119.cnf	true	0.00165018	0.0017908160007209517	1335296
18	tests/uf100-430/uf100-0950.cnf	true	0.001652749	0.00203967700508656	1335296
19	tests/uf100-430/uf100-0727.cnf	true	0.001656068	0.0018263130041304976	1335296
20	tests/uf100-430/uf100-0559.cnf	true	0.001668364	0.002093740004056599	1335296
21	tests/uf100-430/uf100-0209.cnf	true	0.00167818	0.001803774997824803	1335296
22	tests/uf100-430/uf100-0116.cnf	true	0.001678914	0.0019227670054533519	1335296
23	tests/uf100-430/uf100-0658.cnf	true	0.001697213	0.001874889996543061	1339392
24	tests/uf100-430/uf100-0719.cnf	true	0.001728926	0.001912899999297224	1335296
25	tests/uf100-430/uf100-0235.cnf	true	0.001736685	0.0019109679997200146	1335296
26	tests/uf100-430/uf100-0811.cnf	true	0.001742102	0.0021787970035802573	1335296
27	tests/uf100-430/uf100-0118.cnf	true	0.00176186	0.0019382829996175133	1335296
28	tests/uf100-430/uf100-0947.cnf	true	0.00176776	0.0019308859991724603	1335296
29	tests/uf100-430/uf100-0489.cnf	true	0.001776602	0.002621755003929138	1335296
30	tests/uf100-430/uf100-0946.cnf	true	0.001780464	0.0022345030010910705	1335296
31	tests/uf100-430/uf100-010.cnf	true	0.001788263	0.0036852600023848936	1335296
32	tests/uf100-430/uf100-0743.cnf	true	0.001800229	0.001960752000741195	1335296
33	tests/uf100-430/uf100-0612.cnf	true	0.001809314	0.0021577310035354458	1335296
34	tests/uf100-430/uf100-093.cnf	true	0.001820524	0.002239105997432489	1335296
35	tests/uf100-430/uf100-051.cnf	true	0.001826951	0.0019660620018839836	1339392
36	tests/uf100-430/uf100-073.cnf	true	0.001871475	0.002172066997445654	1335296
37	tests/uf100-430/uf100-0392.cnf	true	0.001874943	0.002681590005522594	1335296
38	tests/uf100-430/uf100-0543.cnf	true	0.001877366	0.002421242999844253	1335296
39	tests/uf100-430/uf100-0922.cnf	true	0.001877694	0.0021353849951992743	1335296
40	tests/uf100-430/uf100-0958.cnf	true	0.001884645	0.002759533002972603	1335296
41	tests/uf100-430/uf100-01000.cnf	true	0.001888088	0.002032250995398499	1335296
42	tests/uf100-430/uf100-0356.cnf	true	0.001894916	0.0026445109979249537	1335296
43	tests/uf100-430/uf100-0723.cnf	true	0.001899102	0.0038099960002000444	1335296
44	tests/uf100-430/uf100-0546.cnf	true	0.001902241	0.0021432110006571747	1335296
45	tests/uf100-430/uf100-0726.cnf	true	0.001907406	0.002797585999360308	1335296
46	tests/uf100-430/uf100-0697.cnf	true	0.001920877	0.002148871004465036	1335296
47	tests/uf100-430/uf100-0820.cnf	true	0.00192235	0.0023359660044661723	1335296
48	tests/uf100-430/uf100-0871.cnf	true	0.001924272	0.002123484002368059	1335296
49	tests/uf100-430/uf100-0740.cnf	true	0.001931302	0.002941177001048345	1335296
50	tests/uf100-430/uf100-0366.cnf	true	0.001932746	0.002155503003450576	1335296
51	tests/uf100-430/uf100-0902.cnf	true	0.001934345	0.002694638002139982	1355776
52	tests/uf100-430/uf100-0261.cnf	true	0.001946059	0.002155603993742261	1335296
53	tests/uf100-430/uf100-0843.cnf	true	0.001952973	0.0022180779997142963	1335296
54	tests/uf100-430/uf100-0233.cnf	true	0.001955432	0.004490826999244746	1335296
55	tests/uf100-430/uf100-0258.cnf	true	0.001956552	0.0024461480061290786	1335296
56	tests/uf100-430/uf100-0959.cnf	true	0.001958362	0.0024074799948721193	1335296
57	tests/uf100-430/uf100-0550.cnf	true	0.001958697	0.002587294002296403	1335296
58	tests/uf100-430/uf100-049.cnf	true	0.001978308	0.0027435800002422184	1335296
59	tests/uf100-430/uf100-0342.cnf	true	0.00198231	0.002129958003934007	1335296
60	tests/uf100-430/uf100-0752.cnf	true	0.0019833	0.0022334399982355535	1335296
61	tests/uf100-430/uf100-0930.cnf	true	0.001985898	0.002933821000624448	1335296
62	tests/uf100-430/uf100-0567.cnf	true	0.001988656	0.003044732002308592	1335296
63	tests/uf100-430/uf100-048.cnf	true	0.00200187	0.0022684600044158287	1335296
64	tests/uf100-430/uf100-0208.cnf	true	0.002003065	0.002142639998055529	1335296
65	tests/uf100-430/uf100-018.cnf	true	0.002015232	0.0023895400008768775	1363968
66	tests/uf100-430/uf100-0265.cnf	true	0.002017332	0.0060946910016355105	1335296
67	tests/uf100-430/uf100-0399.cnf	true	0.00201986	0.0023815409949747846	1335296
68	tests/uf100-430/uf100-0509.cnf	true	0.002023389	0.0025029690004885197	1335296
69	tests/uf100-430/uf100-0754.cnf	true	0.002024395	0.002190366998547688	1335296
70	tests/uf100-430/uf100-0837.cnf	true	0.00203476	0.0023482139949919656	1335296
71	tests/uf100-430/uf100-0323.cnf	true	0.002035503	0.002294154997798614	1335296
72	tests/uf100-430/uf100-0207.cnf	true	0.002039067	0.0022616490023210645	1335296
73	tests/uf100-430/uf100-0417.cnf	true	0.002045774	0.0022310829954221845	1335296
74	tests/uf100-430/uf100-0809.cnf	true	0.002052946	0.0023137330063036643	1335296
75	tests/uf100-430/uf100-0367.cnf	true	0.002065647	0.0024578769953222945	1335296
76	tests/uf100-430/uf100-095.cnf	true	0.002065669	0.002341674000490457	1343488
77	tests/uf100-430/uf100-06.cnf	true	0.002067099	0.0023325439979089424	1335296
78	tests/uf100-430/uf100-0627.cnf	true	0.002071443	0.0035447100017336197	1335296
79	tests/uf100-430/uf100-01.cnf	true	0.002074456	0.01604259300074773	1335296
80	tests/uf100-430/uf100-0357.cnf	true	0.002088943	0.002328215996385552	1335296
81	tests/uf100-430/uf100-0695.cnf	true	0.002100186	0.00231882999651134	1335296
82	tests/uf100-430/uf100-0872.cnf	true	0.002109848	0.0023013530008029193	1335296
83	tests/uf100-430/uf100-0511.cnf	true	0.002113868	0.0022408240038203076	1335296
84	tests/uf100-430/uf100-066.cnf	true	0.002115514	0.002854473998013418	1335296
85	tests/uf100-430/uf100-0561.cnf	true	0.00213602	0.002513473002181854	1335296
86	tests/uf100-430/uf100-0183.cnf	true	0.002137306	0.002504406002117321	1335296
87	tests/uf100-430/uf100-0234.cnf	true	0.002143454	0.0029826470054103993	1335296
88	tests/uf100-430/uf100-0211.cnf	true	0.002143879	0.0024283539969474077	1335296
89	tests/uf100-430/uf100-0327.cnf	true	0.002149274	0.00243896300526103	1335296
90	tests/uf100-430/uf100-0227.cnf	true	0.002152223	0.002964218998386059	1335296
91	tests/uf100-430/uf100-0117.cnf	true	0.002160809	0.0023321599946939386	1335296
92	tests/uf100-430/uf100-0278.cnf	true	0.002168124	0.0032353550050174817	1335296
93	tests/uf100-430/uf100-0267.cnf	true	0.002173667	0.0034871040043071844	1335296
94	tests/uf100-430/uf100-0343.cnf	true	0.002174814	0.0023537320012110285	1335296
95	tests/uf100-430/uf100-0694.cnf	true	0.002174842	0.002410918998066336	1335296
96	tests/uf100-430/uf100-0650.cnf	true	0.002182343	0.003958793000492733	1335296
97	tests/uf100-430/uf100-0525.cnf	true	0.002191591	0.0026862660015467554	1335296
98	tests/uf100-430/uf100-0652.cnf	true	0.002194992	0.0024471500000800006	1335296
99	tests/uf100-430/uf100-0660.cnf	true	0.002202925	0.0046955979996710084	1388544
100	tests/uf100-430/uf100-0524.cnf	true	0.002206088	0.01234262600337388	1335296
101	tests/uf100-430/uf100-0826.cnf	true	0.002220792	0.002391930000158027	1339392
102	tests/uf100-430/uf100-0732.cnf	true	0.002228604	0.0025861009999061935	1335296
103	tests/uf100-430/uf100-0873.cnf	true	0.002231288	0.002415285001916345	1335296
104	tests/uf100-430/uf100-0547.cnf	true	0.002236645	0.002524887000618037	1335296
105	tests/uf100-430/uf100-0552.cnf	true	0.00223894	0.0023540159963886254	1335296
106	tests/uf100-430/uf100-0461.cnf	true	0.002239323	0.002423559002636466	1335296
107	tests/uf100-430/uf100-0696.cnf	true	0.00225043	0.003295381997304503	1335296
108	tests/uf100-430/uf100-0782.cnf	true	0.002253143	0.0024729979995754547	1335296
109	tests/uf100-430/uf100-0920.cnf	true	0.002267964	0.002451066997309681	1335296
110	tests/uf100-430/uf100-0358.cnf	true	0.002269978	0.002489699996658601	1335296
111	tests/uf100-430/uf100-0204.cnf	true	0.002283046	0.002533675004087854	1335296
112	tests/uf100-430/uf100-037.cnf	true	0.002293285	0.003814290997979697	1335296
113	tests/uf100-430/uf100-0863.cnf	true	0.002293739	0.0028454480052459985	1335296
114	tests/uf100-430/uf100-071.cnf	true	0.002296441	0.0025745050006662495	1335296
115	tests/uf100-430/uf100-0597.cnf	true	0.00230267	0.0025654679993749596	1335296
116	tests/uf100-430/uf100-0905.cnf	true	0.002323446	0.0025651910036685877	1335296
117	tests/uf100-430/uf100-0844.cnf	true	0.002324044	0.002961574005894363	1335296
118	tests/uf100-430/uf100-0780.cnf	true	0.002333446	0.0025570800062268972	1359872
119	tests/uf100-430/uf100-0830.cnf	true	0.002334656	0.004814514999452513	1335296
120	tests/uf100-430/uf100-0832.cnf	true	0.002335908	0.009155579995422158	1335296
121	tests/uf100-430/uf100-0151.cnf	true	0.00233944	0.002559983004175592	1339392
122	tests/uf100-430/uf100-026.cnf	true	0.002339986	0.0024574479975854047	1335296
123	tests/uf100-430/uf100-0161.cnf	true	0.002341737	0.0028820689985877834	1335296
124	tests/uf100-430/uf100-0212.cnf	true	0.002341933	0.0025095879973378032	1335296
125	tests/uf100-430/uf100-0310.cnf	true	0.002349255	0.002608167997095734	1335296
126	tests/uf100-430/uf100-0710.cnf	true	0.002350447	0.0025676119985291734	1335296
127	tests/uf100-430/uf100-0565.cnf	true	0.002359924	0.003513145995384548	1335296
128	tests/uf100-430/uf100-0266.cnf	true	0.002363551	0.0036744229946634732	1335296
129	tests/uf100-430/uf100-0928.cnf	true	0.002364938	0.0026291809990652837	1335296
130	tests/uf100-430/uf100-0479.cnf	true	0.002370492	0.002571712000644766	1335296
131	tests/uf100-430/uf100-0588.cnf	true	0.002381813	0.0026851580041693524	1335296
132	tests/uf100-430/uf100-0391.cnf	true	0.002383184	0.0027110339942737482	1335296
133	tests/uf100-430/uf100-0869.cnf	true	0.002383914	0.002629850001540035	1335296
134	tests/uf100-430/uf100-0298.cnf	true	0.00239296	0.005210633993556257	1335296
135	tests/uf100-430/uf100-0702.cnf	true	0.002404779	0.002747022001130972	1335296
136	tests/uf100-430/uf100-0720.cnf	true	0.002426883	0.0036088390043005347	1335296
137	tests/uf100-430/uf100-0338.cnf	true	0.002427563	0.004485525001655333	1368064
138	tests/uf100-430/uf100-0487.cnf	true	0.002429636	0.002926465997006744	1335296
139	tests/uf100-430/uf100-0835.cnf	true	0.002433458	0.0026448939970578067	1335296
140	tests/uf100-430/uf100-0370.cnf	true	0.002435631	0.0027492840017657727	1335296
141	tests/uf100-430/uf100-0186.cnf	true	0.002440495	0.0033248689942411147	1339392
142	tests/uf100-430/uf100-0179.cnf	true	0.00244215	0.0025819799993769266	1335296
143	tests/uf100-430/uf100-0447.cnf	true	0.00244466	0.004449918997124769	1339392
144	tests/uf100-430/uf100-036.cnf	true	0.002446054	0.00762529799976619	1335296
145	tests/uf100-430/uf100-0393.cnf	true	0.002446204	0.002824012997734826	1335296
146	tests/uf100-430/uf100-0365.cnf	true	0.002451254	0.0027073180026491173	1335296
147	tests/uf100-430/uf100-0136.cnf	true	0.002451371	0.0034883550033555366	1335296
148	tests/uf100-430/uf100-0721.cnf	true	0.002453915	0.004318669001804665	1339392
149	tests/uf100-430/uf100-0613.cnf	true	0.002463277	0.002964565996080637	1359872
150	tests/uf100-430/uf100-070.cnf	true	0.002465585	0.002693543996429071	1335296
151	tests/uf100-430/uf100-0410.cnf	true	0.002466074	0.0043018689975724556	1335296
152	tests/uf100-430/uf100-0412.cnf	true	0.002472175	0.005024315003538504	1335296
153	tests/uf100-430/uf100-055.cnf	true	0.00249322	0.002797774002829101	1335296
154	tests/uf100-430/uf100-030.cnf	true	0.002494153	0.0029933590049040504	1335296
155	tests/uf100-430/uf100-0538.cnf	true	0.00249725	0.002720248005061876	1335296
156	tests/uf100-430/uf100-0156.cnf	true	0.002507395	0.0028266060035093687	1335296
157	tests/uf100-430/uf100-0103.cnf	true	0.002511179	0.002747601000010036	1335296
158	tests/uf100-430/uf100-0761.cnf	true	0.002511738	0.0027068859999417327	1335296
159	tests/uf100-430/uf100-0638.cnf	true	0.002512531	0.0028173259997856803	1335296
160	tests/uf100-430/uf100-096.cnf	true	0.002519035	0.003108115000941325	1335296
161	tests/uf100-430/uf100-0484.cnf	true	0.002522455	0.0031604550022166222	1335296
162	tests/uf100-430/uf100-0442.cnf	true	0.002523278	0.003609523002523929	1269760
163	tests/uf100-430/uf100-0703.cnf	true	0.002524848	0.003536320000421256	1335296
164	tests/uf100-430/uf100-0861.cnf	true	0.002528709	0.0029170920024625957	1335296
165	tests/uf100-430/uf100-0866.cnf	true	0.0025292	0.0026904520054813474	1298432
166	tests/uf100-430/uf100-0171.cnf	true	0.002530064	0.0035749300004681572	1335296
167	tests/uf100-430/uf100-0169.cnf	true	0.00253219	0.002705994003918022	1335296
168	tests/uf100-430/uf100-0717.cnf	true	0.002538066	0.004103171995666344	1339392
169	tests/uf100-430/uf100-0620.cnf	true	0.002540684	0.0037501690021599643	1372160
170	tests/uf100-430/uf100-0949.cnf	true	0.002541083	0.00295747699419735	1335296
171	tests/uf100-430/uf100-0892.cnf	true	0.002542352	0.002903470005549025	1335296
172	tests/uf100-430/uf100-0132.cnf	true	0.002548006	0.0028416030036169104	1335296
173	tests/uf100-430/uf100-0464.cnf	true	0.002549779	0.002801205999276135	1335296
174	tests/uf100-430/uf100-057.cnf	true	0.002551724	0.002771413004666101	1335296
175	tests/uf100-430/uf100-0416.cnf	true	0.002561506	0.0027201389966649003	1335296
176	tests/uf100-430/uf100-0781.cnf	true	0.002561638	0.0027113890027976595	1335296
177	tests/uf100-430/uf100-0473.cnf	true	0.002562519	0.002914176002377644	1335296
178	tests/uf100-430/uf100-0478.cnf	true	0.002572859	0.002848720003385097	1335296
179	tests/uf100-430/uf100-0397.cnf	true	0.002578327	0.0028737840038957074	1335296
180	tests/uf100-430/uf100-0195.cnf	true	0.002606874	0.0030338649958139285	1335296
181	tests/uf100-430/uf100-0510.cnf	true	0.002607521	0.0027940959989791736	1335296
182	tests/uf100-430/uf100-0321.cnf	true	0.002607867	0.002987973995914217	1314816
183	tests/uf100-430/uf100-0477.cnf	true	0.00260857	0.002854286001820583	1339392
184	tests/uf100-430/uf100-0137.cnf	true	0.002609633	0.0029370109987212345	1335296
185	tests/uf100-430/uf100-0640.cnf	true	0.002619178	0.003053321001061704	1335296
186	tests/uf100-430/uf100-0548.cnf	true	0.002623203	0.002836819003277924	1335296
187	tests/uf100-430/uf100-0573.cnf	true	0.002632364	0.0028716699962387793	1335296
188	tests/uf100-430/uf100-0187.cnf	true	0.002632365	0.003156478996970691	1335296
189	tests/uf100-430/uf100-0200.cnf	true	0.002640583	0.00307659299869556	1335296
190	tests/uf100-430/uf100-0188.cnf	true	0.002642205	0.0030221470005926676	1298432
191	tests/uf100-430/uf100-0805.cnf	true	0.00264472	0.005586177998338826	1335296
192	tests/uf100-430/uf100-0326.cnf	true	0.002646578	0.002934623997134622	1335296
193	tests/uf100-430/uf100-07.cnf	true	0.002646668	0.0038385619991458952	1335296
194	tests/uf100-430/uf100-0929.cnf	true	0.002649833	0.0029737440054304898	1339392
195	tests/uf100-430/uf100-0232.cnf	true	0.002651351	0.004579827000270598	1372160
196	tests/uf100-430/uf100-092.cnf	true	0.002655653	0.004220198999973945	1335296
197	tests/uf100-430/uf100-0518.cnf	true	0.002657066	0.002885902998968959	1335296
198	tests/uf100-430/uf100-047.cnf	true	0.002667755	0.004408225002407562	1335296
199	tests/uf100-430/uf100-0259.cnf	true	0.002671111	0.002866548005840741	1335296
200	tests/uf100-430/uf100-069.cnf	true	0.002672354	0.0028483450005296618	1335296
201	tests/uf100-430/uf100-0706.cnf	true	0.00267472	0.003030912994290702	1339392
202	tests/uf100-430/uf100-0379.cnf	true	0.002676069	0.0029316510044736788	1335296
203	tests/uf100-430/uf100-0903.cnf	true	0.002676961	0.0038249139979598112	1335296
204	tests/uf100-430/uf100-0562.cnf	true	0.002677873	0.0029573249994427897	1335296
205	tests/uf100-430/uf100-0741.cnf	true	0.002679556	0.003603893994295504	1355776
206	tests/uf100-430/uf100-0476.cnf	true	0.002680831	0.004711883004347328	1335296
207	tests/uf100-430/uf100-0806.cnf	true	0.002683378	0.004218035996018443	1335296
208	tests/uf100-430/uf100-0587.cnf	true	0.002686497	0.003019003001099918	1335296
209	tests/uf100-430/uf100-0610.cnf	true	0.002689803	0.0028952090069651604	1335296
210	tests/uf100-430/uf100-079.cnf	true	0.002689944	0.0029415530007099733	1335296
211	tests/uf100-430/uf100-0320.cnf	true	0.002692605	0.0032795500010252	1335296
212	tests/uf100-430/uf100-0146.cnf	true	0.002694328	0.003921942996385042	1335296
213	tests/uf100-430/uf100-0664.cnf	true	0.0026965	0.0029379170009633526	1335296
214	tests/uf100-430/uf100-0371.cnf	true	0.002700252	0.0029053110047243536	1335296
215	tests/uf100-430/uf100-0718.cnf	true	0.002702785	0.0047988110018195584	1335296
216	tests/uf100-430/uf100-0337.cnf	true	0.002703816	0.0030725640026503243	1335296
217	tests/uf100-430/uf100-0881.cnf	true	0.002707486	0.0041624279983807355	1339392
218	tests/uf100-430/uf100-0172.cnf	true	0.002711976	0.0030630459950771183	1335296
219	tests/uf100-430/uf100-056.cnf	true	0.002715525	0.002953727002022788	1335296
220	tests/uf100-430/uf100-0305.cnf	true	0.002717422	0.005321812997863162	1339392
221	tests/uf100-430/uf100-0263.cnf	true	0.002725121	0.002921706000051927	1335296
222	tests/uf100-430/uf100-0831.cnf	true	0.002728515	0.006172510999022052	1335296
223	tests/uf100-430/uf100-0701.cnf	true	0.002733476	0.003253814000345301	1335296
224	tests/uf100-430/uf100-0918.cnf	true	0.002735082	0.004824538998946082	1335296
225	tests/uf100-430/uf100-0312.cnf	true	0.00273695	0.0030807610019110143	1335296
226	tests/uf100-430/uf100-0536.cnf	true	0.002738833	0.0056358779984293506	1335296
227	tests/uf100-430/uf100-0284.cnf	true	0.002749858	0.003133400001388509	1372160
228	tests/uf100-430/uf100-0735.cnf	true	0.002753902	0.0032117700029630214	1335296
229	tests/uf100-430/uf100-0825.cnf	true	0.002757113	0.004257462998793926	1335296
230	tests/uf100-430/uf100-0252.cnf	true	0.002757996	0.003302756005723495	1335296
231	tests/uf100-430/uf100-0361.cnf	true	0.002760988	0.004301746004784945	1335296
232	tests/uf100-430/uf100-0765.cnf	true	0.002761359	0.0035535999995772727	1335296
233	tests/uf100-430/uf100-0655.cnf	true	0.002765657	0.0036080630015931092	1335296
234	tests/uf100-430/uf100-0974.cnf	true	0.002766191	0.0031872239997028373	1335296
235	tests/uf100-430/uf100-0563.cnf	true	0.002767779	0.0029355420047068037	1335296
236	tests/uf100-430/uf100-0276.cnf	true	0.002769049	0.0032226309995166957	1335296
237	tests/uf100-430/uf100-0257.cnf	true	0.002771975	0.003000284996232949	1335296
238	tests/uf100-430/uf100-0170.cnf	true	0.002772458	0.0029943170011392795	1335296
239	tests/uf100-430/uf100-04.cnf	true	0.002779614	0.0032928340006037615	1335296
240	tests/uf100-430/uf100-0630.cnf	true	0.002782482	0.0030466649986919947	1335296
241	tests/uf100-430/uf100-0264.cnf	true	0.002791666	0.002957011995022185	1339392
242	tests/uf100-430/uf100-0542.cnf	true	0.002793701	0.003209276997949928	1335296
243	tests/uf100-430/uf100-0408.cnf	true	0.002796728	0.0031337309992522933	1335296
244	tests/uf100-430/uf100-0823.cnf	true	0.002797511	0.004297808998671826	1335296
245	tests/uf100-430/uf100-0384.cnf	true	0.00279939	0.0031940439948812127	1335296
246	tests/uf100-430/uf100-0611.cnf	true	0.002800828	0.0030358859949046746	1335296
247	tests/uf100-430/uf100-013.cnf	true	0.002807728	0.003054157001315616	1335296
248	tests/uf100-430/uf100-0270.cnf	true	0.002807853	0.003037991002202034	1335296
249	tests/uf100-430/uf100-0470.cnf	true	0.002816834	0.004476479000004474	1335296
250	tests/uf100-430/uf100-0941.cnf	true	0.002817269	0.0030140310045680963	1335296
251	tests/uf100-430/uf100-040.cnf	true	0.002817341	0.0032025030013755895	1335296
252	tests/uf100-430/uf100-0746.cnf	true	0.002819842	0.0032353529968531802	1335296
253	tests/uf100-430/uf100-0203.cnf	true	0.002823151	0.0030476409956463613	1339392
254	tests/uf100-430/uf100-0306.cnf	true	0.002829981	0.0032395250018453225	1335296
255	tests/uf100-430/uf100-0742.cnf	true	0.002830599	0.0030229080002754927	1335296
256	tests/uf100-430/uf100-0398.cnf	true	0.002832298	0.003509059999487363	1335296
257	tests/uf100-430/uf100-0328.cnf	true	0.002846333	0.0030639630058431067	1335296
258	tests/uf100-430/uf100-0329.cnf	true	0.002853843	0.004266547999577597	1335296
259	tests/uf100-430/uf100-0325.cnf	true	0.00285939	0.003257589996792376	1335296
260	tests/uf100-430/uf100-0725.cnf	true	0.002861357	0.003092874998401385	1335296
261	tests/uf100-430/uf100-0810.cnf	true	0.002861417	0.0030237470054998994	1335296
262	tests/uf100-430/uf100-0363.cnf	true	0.002864923	0.0031751269998494536	1335296
263	tests/uf100-430/uf100-0595.cnf	true	0.002865615	0.004313955003453884	1335296
264	tests/uf100-430/uf100-0164.cnf	true	0.002866933	0.0035724529952858575	1335296
265	tests/uf100-430/uf100-0954.cnf	true	0.002867093	0.003197350997652393	1339392
266	tests/uf100-430/uf100-0218.cnf	true	0.002870688	0.0033181609978782944	1335296
267	tests/uf100-430/uf100-0570.cnf	true	0.002889195	0.0033392760014976375	1335296
268	tests/uf100-430/uf100-0415.cnf	true	0.002890136	0.0031382840024889447	1335296
269	tests/uf100-430/uf100-0514.cnf	true	0.002893092	0.00356944899976952	1335296
270	tests/uf100-430/uf100-0184.cnf	true	0.002904005	0.003142961002595257	1335296
271	tests/uf100-430/uf100-0945.cnf	true	0.0029139	0.0033459949991083704	1335296
272	tests/uf100-430/uf100-0704.cnf	true	0.002931947	0.0034737599999061786	1335296
273	tests/uf100-430/uf100-0880.cnf	true	0.002933416	0.0034198819994344376	1335296
274	tests/uf100-430/uf100-0308.cnf	true	0.002933461	0.003814819996478036	1335296
275	tests/uf100-430/uf100-0992.cnf	true	0.002935	0.0042309760028729215	1335296
276	tests/uf100-430/uf100-0554.cnf	true	0.002945988	0.004498203998082317	1335296
277	tests/uf100-430/uf100-0430.cnf	true	0.002947113	0.004567535004753154	1335296
278	tests/uf100-430/uf100-041.cnf	true	0.002949493	0.006833074003225192	1335296
279	tests/uf100-430/uf100-0177.cnf	true	0.002949803	0.003140053006063681	1335296
280	tests/uf100-430/uf100-0428.cnf	true	0.00295132	0.0035213949959143065	1335296
281	tests/uf100-430/uf100-0101.cnf	true	0.002952594	0.0034039110032608733	1359872
282	tests/uf100-430/uf100-0884.cnf	true	0.002957594	0.003152881996356882	1335296
283	tests/uf100-430/uf100-0961.cnf	true	0.002958295	0.0033440499973949045	1335296
284	tests/uf100-430/uf100-0926.cnf	true	0.002959475	0.0033037829998647794	1335296
285	tests/uf100-430/uf100-0526.cnf	true	0.002961384	0.003139608998026233	1335296
286	tests/uf100-430/uf100-0758.cnf	true	0.00296795	0.003261131998442579	1335296
287	tests/uf100-430/uf100-0895.cnf	true	0.002974622	0.003508526999212336	1335296
288	tests/uf100-430/uf100-0279.cnf	true	0.002984476	0.0032066310013760813	1335296
289	tests/uf100-430/uf100-0724.cnf	true	0.002988852	0.003196202997060027	1335296
290	tests/uf100-430/uf100-0951.cnf	true	0.002991308	0.003211728995665908	1372160
291	tests/uf100-430/uf100-0201.cnf	true	0.002994178	0.00340874599351082	1335296
292	tests/uf100-430/uf100-0147.cnf	true	0.00299535	0.0032002160005504265	1335296
293	tests/uf100-430/uf100-0867.cnf	true	0.002999268	0.0033445399967604317	1335296
294	tests/uf100-430/uf100-0165.cnf	true	0.003000099	0.005078568996395916	1335296
295	tests/uf100-430/uf100-0904.cnf	true	0.003012357	0.0033242169956793077	1335296
296	tests/uf100-430/uf100-0948.cnf	true	0.003030818	0.0032126130026881583	1372160
297	tests/uf100-430/uf100-0313.cnf	true	0.003031088	0.003418851993046701	1335296
298	tests/uf100-430/uf100-081.cnf	true	0.003032208	0.0033800489982240833	1368064
299	tests/uf100-430/uf100-0113.cnf	true	0.003041188	0.0033469819973106496	1335296
300	tests/uf100-430/uf100-0302.cnf	true	0.003048812	0.0033080470020649955	1335296
301	tests/uf100-430/uf100-0226.cnf	true	0.003058288	0.003713464000611566	1335296
302	tests/uf100-430/uf100-0341.cnf	true	0.00305872	0.0033522390003781766	1335296
303	tests/uf100-430/uf100-0605.cnf	true	0.003060924	0.003638736998254899	1339392
304	tests/uf100-430/uf100-0715.cnf	true	0.003064752	0.004645152002922259	1335296
305	tests/uf100-430/uf100-0537.cnf	true	0.003074553	0.004715363000286743	1335296
306	tests/uf100-430/uf100-0687.cnf	true	0.003075416	0.0035601279960246757	1335296
307	tests/uf100-430/uf100-0376.cnf	true	0.003079257	0.0033882039933814667	1339392
308	tests/uf100-430/uf100-0821.cnf	true	0.00308361	0.003498101003060583	1335296
309	tests/uf100-430/uf100-0241.cnf	true	0.003083757	0.0043760289991041645	1335296
310	tests/uf100-430/uf100-0362.cnf	true	0.003095788	0.004513922001933679	1335296
311	tests/uf100-430/uf100-0944.cnf	true	0.003096423	0.0038776380024501123	1335296
312	tests/uf100-430/uf100-078.cnf	true	0.003098151	0.0038030479990993626	1335296
313	tests/uf100-430/uf100-027.cnf	true	0.003102103	0.003625188001024071	1335296
314	tests/uf100-430/uf100-0688.cnf	true	0.003104314	0.0033540709991939366	1335296
315	tests/uf100-430/uf100-0304.cnf	true	0.003104811	0.0033392300028936006	1335296
316	tests/uf100-430/uf100-0377.cnf	true	0.003108131	0.0033470920025138184	1335296
317	tests/uf100-430/uf100-0722.cnf	true	0.003115123	0.003412575002585072	1363968
318	tests/uf100-430/uf100-0515.cnf	true	0.003122734	0.0033574530025362037	1335296
319	tests/uf100-430/uf100-0618.cnf	true	0.003123109	0.0033981879969360307	1335296
320	tests/uf100-430/uf100-0339.cnf	true	0.003124966	0.0032930349989328533	1335296
321	tests/uf100-430/uf100-0236.cnf	true	0.003127676	0.0034049700043397024	1335296
322	tests/uf100-430/uf100-0705.cnf	true	0.003129996	0.0040498279995517805	1335296
323	tests/uf100-430/uf100-082.cnf	true	0.003131863	0.0034308789981878363	1335296
324	tests/uf100-430/uf100-0603.cnf	true	0.003132969	0.0033528920030221343	1335296
325	tests/uf100-430/uf100-0131.cnf	true	0.003138629	0.004390272995806299	1372160
326	tests/uf100-430/uf100-0445.cnf	true	0.003145863	0.004106100997887552	1335296
327	tests/uf100-430/uf100-0698.cnf	true	0.003148448	0.003474552999250591	1335296
328	tests/uf100-430/uf100-0168.cnf	true	0.00315605	0.0035275600021122955	1335296
329	tests/uf100-430/uf100-0335.cnf	true	0.003156963	0.006323497000266798	1335296
330	tests/uf100-430/uf100-0990.cnf	true	0.003165448	0.0038727499995729886	1335296
331	tests/uf100-430/uf100-0828.cnf	true	0.003166789	0.006161636003525928	1335296
332	tests/uf100-430/uf100-031.cnf	true	0.003170996	0.0035523199985618703	1302528
333	tests/uf100-430/uf100-0125.cnf	true	0.003177049	0.003410936005820986	1363968
334	tests/uf100-430/uf100-0628.cnf	true	0.003177626	0.003374234998773318	1339392
335	tests/uf100-430/uf100-0237.cnf	true	0.00317821	0.0033959759966819547	1335296
336	tests/uf100-430/uf100-0250.cnf	true	0.00317958	0.003551916997821536	1335296
337	tests/uf100-430/uf100-0199.cnf	true	0.003182021	0.0034354509989498183	1335296
338	tests/uf100-430/uf100-0317.cnf	true	0.003182143	0.003541960999427829	1335296
339	tests/uf100-430/uf100-0282.cnf	true	0.003182747	0.0035301579991937615	1335296
340	tests/uf100-430/uf100-0553.cnf	true	0.003183701	0.005169582000235096	1372160
341	tests/uf100-430/uf100-0982.cnf	true	0.003186165	0.0035788809982477687	1335296
342	tests/uf100-430/uf100-0917.cnf	true	0.003191895	0.0035255059992778115	1335296
343	tests/uf100-430/uf100-0942.cnf	true	0.003191926	0.003594988003897015	1363968
344	tests/uf100-430/uf100-0465.cnf	true	0.003193362	0.003549583001586143	1249280
345	tests/uf100-430/uf100-0189.cnf	true	0.003196077	0.004906654001388233	1339392
346	tests/uf100-430/uf100-0193.cnf	true	0.003199662	0.0036634220014093444	1335296
347	tests/uf100-430/uf100-0770.cnf	true	0.003221081	0.003634419001173228	1335296
348	tests/uf100-430/uf100-0629.cnf	true	0.003222646	0.0037540920020546764	1335296
349	tests/uf100-430/uf100-0185.cnf	true	0.003235517	0.0035299340015626512	1384448
350	tests/uf100-430/uf100-0475.cnf	true	0.003236982	0.004623770000762306	1335296
351	tests/uf100-430/uf100-0205.cnf	true	0.003238306	0.0034353759983787313	1335296
352	tests/uf100-430/uf100-0148.cnf	true	0.003240409	0.004015317994344514	1335296
353	tests/uf100-430/uf100-0772.cnf	true	0.003245138	0.003823854996880982	1335296
354	tests/uf100-430/uf100-0932.cnf	true	0.00324827	0.003606141995987855	1335296
355	tests/uf100-430/uf100-0126.cnf	true	0.003250005	0.0034683429985307157	1335296
356	tests/uf100-430/uf100-0661.cnf	true	0.003250579	0.004394998999487143	1335296
357	tests/uf100-430/uf100-0921.cnf	true	0.003251448	0.0037488620000658557	1335296
358	tests/uf100-430/uf100-043.cnf	true	0.003256273	0.004741870005091187	1298432
359	tests/uf100-430/uf100-021.cnf	true	0.003257306	0.0035870499996235594	1335296
360	tests/uf100-430/uf100-0301.cnf	true	0.003258128	0.003719986001669895	1335296
361	tests/uf100-430/uf100-0311.cnf	true	0.003258201	0.0033763429964892566	1335296
362	tests/uf100-430/uf100-0354.cnf	true	0.00326767	0.0035661150031955913	1335296
363	tests/uf100-430/uf100-0314.cnf	true	0.003268538	0.003582067001843825	1335296
364	tests/uf100-430/uf100-072.cnf	true	0.003270814	0.003456764003203716	1335296
365	tests/uf100-430/uf100-028.cnf	true	0.003273508	0.003743937995750457	1335296
366	tests/uf100-430/uf100-0862.cnf	true	0.003275285	0.0036060330021427944	1335296
367	tests/uf100-430/uf100-0154.cnf	true	0.003276649	0.005567621999944095	1335296
368	tests/uf100-430/uf100-019.cnf	true	0.003281015	0.0036695709932246245	1335296
369	tests/uf100-430/uf100-0870.cnf	true	0.003281897	0.003516704004141502	1335296
370	tests/uf100-430/uf100-074.cnf	true	0.003285437	0.004532352999376599	1335296
371	tests/uf100-430/uf100-0785.cnf	true	0.00329021	0.0036173990010865964	1335296
372	tests/uf100-430/uf100-0756.cnf	true	0.003292589	0.005775052995886654	1277952
373	tests/uf100-430/uf100-0429.cnf	true	0.003305362	0.0035233089947723784	1335296
374	tests/uf100-430/uf100-03.cnf	true	0.003308152	0.0036400099997990765	1335296
375	tests/uf100-430/uf100-0631.cnf	true	0.00331325	0.0036503489973256364	1335296
376	tests/uf100-430/uf100-0685.cnf	true	0.003313276	0.005117388005601242	1335296
377	tests/uf100-430/uf100-0671.cnf	true	0.003324123	0.006194518005941063	1335296
378	tests/uf100-430/uf100-0330.cnf	true	0.003326318	0.003738981999049429	1335296
379	tests/uf100-430/uf100-0450.cnf	true	0.003327087	0.003698325002915226	1335296
380	tests/uf100-430/uf100-0469.cnf	true	0.003332857	0.003761779997148551	1335296
381	tests/uf100-430/uf100-0604.cnf	true	0.003333196	0.003552255999238696	1335296
382	tests/uf100-430/uf100-0217.cnf	true	0.003334839	0.0036803449984290637	1335296
383	tests/uf100-430/uf100-017.cnf	true	0.003339656	0.004092114002560265	1335296
384	tests/uf100-430/uf100-0485.cnf	true	0.003342567	0.003913959000783507	1339392
385	tests/uf100-430/uf100-0157.cnf	true	0.003353218	0.0038784770003985614	1335296
386	tests/uf100-430/uf100-0130.cnf	true	0.003363217	0.003768251001019962	1376256
387	tests/uf100-430/uf100-0939.cnf	true	0.003370519	0.006403133003914263	1335296
388	tests/uf100-430/uf100-0340.cnf	true	0.003373801	0.0036286929971538484	1372160
389	tests/uf100-430/uf100-0619.cnf	true	0.003381363	0.004420712997671217	1335296
390	tests/uf100-430/uf100-0517.cnf	true	0.00338258	0.0038881639993633144	1335296
391	tests/uf100-430/uf100-032.cnf	true	0.003389312	0.004018772000563331	1355776
392	tests/uf100-430/uf100-0467.cnf	true	0.003391896	0.0037553939982899465	1335296
393	tests/uf100-430/uf100-064.cnf	true	0.0033959	0.0040709509994485416	1335296
394	tests/uf100-430/uf100-0446.cnf	true	0.003405663	0.0041269940047641285	1335296
395	tests/uf100-430/uf100-0418.cnf	true	0.003409449	0.0035920979935326613	1335296
396	tests/uf100-430/uf100-0523.cnf	true	0.00340946	0.003698749998875428	1335296
397	tests/uf100-430/uf100-0309.cnf	true	0.003411792	0.003937506000511348	1335296
398	tests/uf100-430/uf100-0976.cnf	true	0.00341344	0.0036936279939254746	1339392
399	tests/uf100-430/uf100-0481.cnf	true	0.003416801	0.0038638699988950975	1335296
400	tests/uf100-430/uf100-0601.cnf	true	0.003418155	0.0038082329992903396	1335296
401	tests/uf100-430/uf100-0406.cnf	true	0.003422153	0.006588548996660393	1335296
402	tests/uf100-430/uf100-0850.cnf	true	0.003428156	0.0037699140011682175	1335296
403	tests/uf100-430/uf100-0659.cnf	true	0.003441005	0.004981213001883589	1335296
404	tests/uf100-430/uf100-094.cnf	true	0.003441341	0.0041572379996068776	1335296
405	tests/uf100-430/uf100-0978.cnf	true	0.003444905	0.003817297001660336	1335296
406	tests/uf100-430/uf100-0322.cnf	true	0.003447071	0.0037530409972532652	1347584
407	tests/uf100-430/uf100-0167.cnf	true	0.00344883	0.003767381000216119	1335296
408	tests/uf100-430/uf100-0890.cnf	true	0.003449964	0.004906057001790032	1335296
409	tests/uf100-430/uf100-0210.cnf	true	0.003450089	0.0037489279930014163	1335296
410	tests/uf100-430/uf100-0129.cnf	true	0.003450105	0.0037743369975942187	1335296
411	tests/uf100-430/uf100-0269.cnf	true	0.003451388	0.003670559002785012	1335296
412	tests/uf100-430/uf100-046.cnf	true	0.003453578	0.003853362999507226	1335296
413	tests/uf100-430/uf100-0127.cnf	true	0.003466916	0.0037233709954307415	1335296
414	tests/uf100-430/uf100-0572.cnf	true	0.003467396	0.0037232999966363423	1359872
415	tests/uf100-430/uf100-0847.cnf	true	0.003467767	0.0038725100021110848	1335296
416	tests/uf100-430/uf100-0359.cnf	true	0.003478706	0.00566660500044236	1335296
417	tests/uf100-430/uf100-0753.cnf	true	0.00347971	0.004130843000893947	1335296
418	tests/uf100-430/uf100-0779.cnf	true	0.003479873	0.004111657995963469	1335296
419	tests/uf100-430/uf100-0854.cnf	true	0.003485739	0.0039640789982513525	1339392
420	tests/uf100-430/uf100-0745.cnf	true	0.003488812	0.005085033997602295	1339392
421	tests/uf100-430/uf100-0686.cnf	true	0.003501826	0.004015760998299811	1335296
422	tests/uf100-430/uf100-0988.cnf	true	0.003504875	0.0041626189995440654	1335296
423	tests/uf100-430/uf100-0924.cnf	true	0.00351422	0.004129313994781114	1335296
424	tests/uf100-430/uf100-0192.cnf	true	0.003515986	0.0038562850022572093	1335296
425	tests/uf100-430/uf100-0762.cnf	true	0.003517766	0.0038755679997848347	1339392
426	tests/uf100-430/uf100-0198.cnf	true	0.003522797	0.004978732999006752	1310720
427	tests/uf100-430/uf100-0466.cnf	true	0.003531395	0.0045589700021082535	1335296
428	tests/uf100-430/uf100-0593.cnf	true	0.003535191	0.004631994997907896	1335296
429	tests/uf100-430/uf100-0133.cnf	true	0.003545618	0.003898508002748713	1335296
430	tests/uf100-430/uf100-0558.cnf	true	0.003559358	0.003727957999217324	1335296
431	tests/uf100-430/uf100-0374.cnf	true	0.003560092	0.00451053000142565	1372160
432	tests/uf100-430/uf100-0143.cnf	true	0.003560436	0.003982457004894968	1339392
433	tests/uf100-430/uf100-0842.cnf	true	0.00356418	0.003934882995963562	1335296
434	tests/uf100-430/uf100-0987.cnf	true	0.003564771	0.0039010310065350495	1335296
435	tests/uf100-430/uf100-0730.cnf	true	0.00357143	0.0037834169997950085	1335296
436	tests/uf100-430/uf100-0879.cnf	true	0.003571802	0.0037914220010861754	1335296
437	tests/uf100-430/uf100-0807.cnf	true	0.003573738	0.0044173659989610314	1359872
438	tests/uf100-430/uf100-0493.cnf	true	0.003580077	0.003910826999344863	1335296
439	tests/uf100-430/uf100-0277.cnf	true	0.003587999	0.0041615450027165934	1335296
440	tests/uf100-430/uf100-0483.cnf	true	0.003590997	0.004842866001126822	1335296
441	tests/uf100-430/uf100-0639.cnf	true	0.003593946	0.003823544997430872	1339392
442	tests/uf100-430/uf100-0202.cnf	true	0.003595059	0.003967529999499675	1335296
443	tests/uf100-430/uf100-0788.cnf	true	0.003595147	0.004035823003505357	1335296
444	tests/uf100-430/uf100-0390.cnf	true	0.003599511	0.005040804993768688	1335296
445	tests/uf100-430/uf100-0580.cnf	true	0.003601603	0.005845111001690384	1339392
446	tests/uf100-430/uf100-0149.cnf	true	0.003607658	0.004063032996782567	1335296
447	tests/uf100-430/uf100-061.cnf	true	0.003607995	0.003938144996936899	1335296
448	tests/uf100-430/uf100-0533.cnf	true	0.003610376	0.005807369001558982	1335296
449	tests/uf100-430/uf100-076.cnf	true	0.003617107	0.00417746500170324	1335296
450	tests/uf100-430/uf100-0864.cnf	true	0.00362276	0.003952646999096032	1355776
451	tests/uf100-430/uf100-0865.cnf	true	0.003626557	0.0038800310067017563	1335296
452	tests/uf100-430/uf100-0923.cnf	true	0.003646577	0.00417702100094175	1335296
453	tests/uf100-430/uf100-0124.cnf	true	0.003649979	0.0038655410025967285	1335296
454	tests/uf100-430/uf100-0355.cnf	true	0.003662907	0.004505812001298182	1388544
455	tests/uf100-430/uf100-0657.cnf	true	0.003662984	0.003878258001350332	1335296
456	tests/uf100-430/uf100-0262.cnf	true	0.003666608	0.003837470998405479	1335296
457	tests/uf100-430/uf100-0239.cnf	true	0.003667552	0.003968322998844087	1335296
458	tests/uf100-430/uf100-0829.cnf	true	0.003669327	0.004133442998863757	1335296
459	tests/uf100-430/uf100-0819.cnf	true	0.003672097	0.0038818980028736405	1298432
460	tests/uf100-430/uf100-0970.cnf	true	0.003681672	0.004419124001287855	1335296
461	tests/uf100-430/uf100-0645.cnf	true	0.003690204	0.00399911299609812	1335296
462	tests/uf100-430/uf100-0535.cnf	true	0.003696797	0.004067069006850943	1335296
463	tests/uf100-430/uf100-0635.cnf	true	0.003706262	0.004651575000025332	1335296
464	tests/uf100-430/uf100-0300.cnf	true	0.003707608	0.00420477100124117	1335296
465	tests/uf100-430/uf100-0369.cnf	true	0.003715814	0.0040571030040155165	1335296
466	tests/uf100-430/uf100-0513.cnf	true	0.003720261	0.0041117969958577305	1335296
467	tests/uf100-430/uf100-024.cnf	true	0.003724398	0.004247867000231054	1339392
468	tests/uf100-430/uf100-0808.cnf	true	0.003729212	0.004415034003613982	1339392
469	tests/uf100-430/uf100-0855.cnf	true	0.003734071	0.004242656003043521	1335296
470	tests/uf100-430/uf100-0557.cnf	true	0.00373431	0.005131981000886299	1335296
471	tests/uf100-430/uf100-0431.cnf	true	0.003741918	0.004336407997470815	1335296
472	tests/uf100-430/uf100-0734.cnf	true	0.003745578	0.0051099460033583455	1372160
473	tests/uf100-430/uf100-0449.cnf	true	0.003747227	0.004082139006641228	1335296
474	tests/uf100-430/uf100-0764.cnf	true	0.00376252	0.004020062006020453	1335296
475	tests/uf100-430/uf100-0286.cnf	true	0.003764101	0.005036014998040628	1335296
476	tests/uf100-430/uf100-0568.cnf	true	0.003767104	0.004147157000261359	1335296
477	tests/uf100-430/uf100-0102.cnf	true	0.00377302	0.004550904995994642	1380352
478	tests/uf100-430/uf100-0134.cnf	true	0.003779652	0.005540450001717545	1335296
479	tests/uf100-430/uf100-087.cnf	true	0.003781	0.004036912003357429	1335296
480	tests/uf100-430/uf100-0346.cnf	true	0.003788928	0.004254269995726645	1335296
481	tests/uf100-430/uf100-0281.cnf	true	0.003791685	0.004468621998967137	1335296
482	tests/uf100-430/uf100-0641.cnf	true	0.00379311	0.004263936003553681	1335296
483	tests/uf100-430/uf100-0708.cnf	true	0.003794917	0.004199109003820922	1335296
484	tests/uf100-430/uf100-0360.cnf	true	0.00380307	0.004831361999094952	1335296
485	tests/uf100-430/uf100-0662.cnf	true	0.003807743	0.005520318001799751	1335296
486	tests/uf100-430/uf100-0960.cnf	true	0.003807983	0.004338110993558075	1335296
487	tests/uf100-430/uf100-0231.cnf	true	0.003812105	0.004060386003402527	1335296
488	tests/uf100-430/uf100-0394.cnf	true	0.003813186	0.003993953003373463	1335296
489	tests/uf100-430/uf100-014.cnf	true	0.0038134	0.0041053549939533696	1335296
490	tests/uf100-430/uf100-0594.cnf	true	0.003819294	0.0048733719959273	1335296
491	tests/uf100-430/uf100-0368.cnf	true	0.003826074	0.0041400400004931726	1335296
492	tests/uf100-430/uf100-0940.cnf	true	0.003833792	0.004128052998567	1335296
493	tests/uf100-430/uf100-0653.cnf	true	0.00383763	0.004019683998194523	1335296
494	tests/uf100-430/uf100-0500.cnf	true	0.003849703	0.0045825350025552325	1339392
495	tests/uf100-430/uf100-0679.cnf	true	0.00385344	0.004401839993079193	1335296
496	tests/uf100-430/uf100-0956.cnf	true	0.003858057	0.004208641999866813	1335296
497	tests/uf100-430/uf100-0544.cnf	true	0.00386237	0.004017419996671379	1335296
498	tests/uf100-430/uf100-0378.cnf	true	0.003862722	0.004158301999268588	1376256
499	tests/uf100-430/uf100-0845.cnf	true	0.003864483	0.004284032998839393	1335296
500	tests/uf100-430/uf100-0182.cnf	true	0.003873504	0.004108829998585861	1339392
501	tests/uf100-430/uf100-0566.cnf	true	0.003876606	0.005907098005991429	1335296
502	tests/uf100-430/uf100-0386.cnf	true	0.003881241	0.0047956549969967455	1335296
503	tests/uf100-430/uf100-0474.cnf	true	0.003881391	0.005064091004896909	1335296
504	tests/uf100-430/uf100-088.cnf	true	0.003889248	0.004153411005972885	1339392
505	tests/uf100-430/uf100-0299.cnf	true	0.003891284	0.004982551996363327	1335296
506	tests/uf100-430/uf100-0875.cnf	true	0.003891684	0.006950967996090185	1335296
507	tests/uf100-430/uf100-0876.cnf	true	0.003895109	0.0044631900018430315	1335296
508	tests/uf100-430/uf100-0894.cnf	true	0.003903593	0.004149473999859765	1335296
509	tests/uf100-430/uf100-0176.cnf	true	0.003906386	0.004337789003329817	1310720
510	tests/uf100-430/uf100-0682.cnf	true	0.003909326	0.004617234997567721	1335296
511	tests/uf100-430/uf100-0334.cnf	true	0.003912209	0.0047789460004423745	1335296
512	tests/uf100-430/uf100-0596.cnf	true	0.003920082	0.004289489996153861	1335296
513	tests/uf100-430/uf100-0456.cnf	true	0.003939225	0.004378141995402984	1335296
514	tests/uf100-430/uf100-0707.cnf	true	0.003940944	0.0041842310020001605	1335296
515	tests/uf100-430/uf100-0711.cnf	true	0.003946801	0.004451815002539661	1302528
516	tests/uf100-430/uf100-0778.cnf	true	0.003950012	0.004564060996926855	1335296
517	tests/uf100-430/uf100-0413.cnf	true	0.003950639	0.004223531002935488	1363968
518	tests/uf100-430/uf100-0251.cnf	true	0.00395761	0.004291152996302117	1335296
519	tests/uf100-430/uf100-0818.cnf	true	0.003960693	0.004214077998767607	1335296
520	tests/uf100-430/uf100-0181.cnf	true	0.003965929	0.0044015759995090775	1335296
521	tests/uf100-430/uf100-0999.cnf	true	0.003972046	0.004298213003494311	1335296
522	tests/uf100-430/uf100-0606.cnf	true	0.003978477	0.004297154999221675	1335296
523	tests/uf100-430/uf100-0583.cnf	true	0.003979512	0.004365181994216982	1335296
524	tests/uf100-430/uf100-0197.cnf	true	0.003981191	0.004462272998353001	1335296
525	tests/uf100-430/uf100-0898.cnf	true	0.003992949	0.007062687000143342	1335296
526	tests/uf100-430/uf100-0383.cnf	true	0.004003174	0.004347510999650694	1335296
527	tests/uf100-430/uf100-0972.cnf	true	0.004003468	0.004299927000829484	1339392
528	tests/uf100-430/uf100-0983.cnf	true	0.004004378	0.004344904999015853	1335296
529	tests/uf100-430/uf100-0153.cnf	true	0.004006451	0.00487313399935374	1335296
530	tests/uf100-430/uf100-0112.cnf	true	0.004017697	0.004497932000958826	1335296
531	tests/uf100-430/uf100-0433.cnf	true	0.004017929	0.00454491200071061	1335296
532	tests/uf100-430/uf100-0973.cnf	true	0.004033061	0.004459518997464329	1347584
533	tests/uf100-430/uf100-0194.cnf	true	0.004037717	0.004553724000288639	1335296
534	tests/uf100-430/uf100-0458.cnf	true	0.004049116	0.00528962399403099	1351680
535	tests/uf100-430/uf100-060.cnf	true	0.004051628	0.004437802999746054	1335296
536	tests/uf100-430/uf100-0396.cnf	true	0.004055827	0.004354024997155648	1335296
537	tests/uf100-430/uf100-0512.cnf	true	0.004058011	0.004533596998953726	1335296
538	tests/uf100-430/uf100-0962.cnf	true	0.00405919	0.004579471002216451	1335296
539	tests/uf100-430/uf100-0462.cnf	true	0.004063479	0.004440235999936704	1339392
540	tests/uf100-430/uf100-0497.cnf	true	0.004069275	0.004826655997021589	1335296
541	tests/uf100-430/uf100-0166.cnf	true	0.004076527	0.004420635996211786	1335296
542	tests/uf100-430/uf100-0677.cnf	true	0.004078555	0.00523781799711287	1335296
543	tests/uf100-430/uf100-0739.cnf	true	0.004078816	0.004433002999576274	1335296
544	tests/uf100-430/uf100-0285.cnf	true	0.004078862	0.0044213639994268306	1335296
545	tests/uf100-430/uf100-0460.cnf	true	0.004082936	0.0048470080000697635	1335296
546	tests/uf100-430/uf100-0324.cnf	true	0.004084669	0.0043035869966843165	1335296
547	tests/uf100-430/uf100-0297.cnf	true	0.004088133	0.0065956780017586425	1372160
548	tests/uf100-430/uf100-02.cnf	true	0.004088836	0.004612941003870219	1335296
549	tests/uf100-430/uf100-058.cnf	true	0.004104419	0.005650878003507387	1335296
550	tests/uf100-430/uf100-0491.cnf	true	0.004107885	0.004580683998938184	1335296
551	tests/uf100-430/uf100-0190.cnf	true	0.004111022	0.0044402769999578595	1335296
552	tests/uf100-430/uf100-0744.cnf	true	0.00414222	0.007992509999894537	1335296
553	tests/uf100-430/uf100-0609.cnf	true	0.004146306	0.004561137000564486	1335296
554	tests/uf100-430/uf100-0222.cnf	true	0.004148287	0.004567310999846086	1335296
555	tests/uf100-430/uf100-0175.cnf	true	0.004149212	0.00444625999807613	1306624
556	tests/uf100-430/uf100-0877.cnf	true	0.004149314	0.006776566006010398	1363968
557	tests/uf100-430/uf100-0516.cnf	true	0.00417928	0.006074839999200776	1335296
558	tests/uf100-430/uf100-022.cnf	true	0.004182392	0.004407004002132453	1355776
559	tests/uf100-430/uf100-0623.cnf	true	0.004190628	0.004610219999449328	1335296
560	tests/uf100-430/uf100-0882.cnf	true	0.004191249	0.004762040000059642	1372160
561	tests/uf100-430/uf100-0817.cnf	true	0.004201422	0.004616875994543079	1335296
562	tests/uf100-430/uf100-0494.cnf	true	0.004208542	0.004719268996268511	1363968
563	tests/uf100-430/uf100-0142.cnf	true	0.004215109	0.004795290995389223	1335296
564	tests/uf100-430/uf100-0833.cnf	true	0.004216372	0.006609620002564043	1335296
565	tests/uf100-430/uf100-0319.cnf	true	0.00421795	0.004613896999217104	1335296
566	tests/uf100-430/uf100-0434.cnf	true	0.004225002	0.005022719997214153	1335296
567	tests/uf100-430/uf100-0158.cnf	true	0.004225357	0.004530858997895848	1335296
568	tests/uf100-430/uf100-099.cnf	true	0.004227545	0.007105426004272886	1335296
569	tests/uf100-430/uf100-0139.cnf	true	0.004239335	0.005653123000229243	1335296
570	tests/uf100-430/uf100-0789.cnf	true	0.004245498	0.005189440002141055	1335296
571	tests/uf100-430/uf100-0316.cnf	true	0.004249417	0.004528653000306804	1335296
572	tests/uf100-430/uf100-0700.cnf	true	0.004250635	0.004628990005585365	1335296
573	tests/uf100-430/uf100-0152.cnf	true	0.00425419	0.004539863999525551	1335296
574	tests/uf100-430/uf100-0420.cnf	true	0.004254246	0.004588816002069507	1335296
575	tests/uf100-430/uf100-0670.cnf	true	0.00425729	0.00534557400533231	1335296
576	tests/uf100-430/uf100-0385.cnf	true	0.004273834	0.004549155004497152	1335296
577	tests/uf100-430/uf100-0985.cnf	true	0.004278746	0.004757110000355169	1335296
578	tests/uf100-430/uf100-0621.cnf	true	0.004280775	0.004746244005218614	1335296
579	tests/uf100-430/uf100-0712.cnf	true	0.004297719	0.004705191000539344	1335296
580	tests/uf100-430/uf100-039.cnf	true	0.004310244	0.005640841001877561	1376256
581	tests/uf100-430/uf100-0268.cnf	true	0.004315743	0.004764386001625098	1376256
582	tests/uf100-430/uf100-0556.cnf	true	0.004318868	0.004624061002687085	1335296
583	tests/uf100-430/uf100-0373.cnf	true	0.004319242	0.0047331589958048426	1335296
584	tests/uf100-430/uf100-0643.cnf	true	0.004323757	0.005347858997993171	1335296
585	tests/uf100-430/uf100-0571.cnf	true	0.004328234	0.004808586003491655	1335296
586	tests/uf100-430/uf100-0443.cnf	true	0.004332088	0.004584852998959832	1335296
587	tests/uf100-430/uf100-0432.cnf	true	0.004352122	0.004605018002621364	1335296
588	tests/uf100-430/uf100-0790.cnf	true	0.004356675	0.004572866004309617	1335296
589	tests/uf100-430/uf100-0975.cnf	true	0.00436743	0.005353023996576667	1335296
590	tests/uf100-430/uf100-034.cnf	true	0.004368408	0.005688730001566	1335296
591	tests/uf100-430/uf100-0424.cnf	true	0.004374385	0.0071937539978534915	1335296
592	tests/uf100-430/uf100-0986.cnf	true	0.004387862	0.004766988997289445	1335296
593	tests/uf100-430/uf100-0372.cnf	true	0.004406202	0.004831415993976407	1335296
594	tests/uf100-430/uf100-0747.cnf	true	0.004410779	0.004759560004458763	1335296
595	tests/uf100-430/uf100-0883.cnf	true	0.004419206	0.005078057998616714	1335296
596	tests/uf100-430/uf100-0441.cnf	true	0.004421577	0.00471298999764258	1335296
597	tests/uf100-430/uf100-0336.cnf	true	0.004424187	0.008507377999194432	1335296
598	tests/uf100-430/uf100-0934.cnf	true	0.004430619	0.004788694997841958	1335296
599	tests/uf100-430/uf100-0794.cnf	true	0.004434281	0.004728227999294177	1335296
600	tests/uf100-430/uf100-0115.cnf	true	0.0044446	0.0046750809997320175	1335296
601	tests/uf100-430/uf100-0759.cnf	true	0.004451685	0.004723116995592136	1335296
602	tests/uf100-430/uf100-0968.cnf	true	0.004457168	0.004941072998917662	1339392
603	tests/uf100-430/uf100-0545.cnf	true	0.004457619	0.004655392003769521	1363968
604	tests/uf100-430/uf100-0581.cnf	true	0.004461068	0.005509679998795036	1335296
605	tests/uf100-430/uf100-0486.cnf	true	0.00446209	0.005013235000660643	1335296
606	tests/uf100-430/uf100-0737.cnf	true	0.004463327	0.0049223120004171506	1335296
607	tests/uf100-430/uf100-0731.cnf	true	0.004470349	0.004711478999524843	1396736
608	tests/uf100-430/uf100-0763.cnf	true	0.0044784	0.0047683070006314665	1335296
609	tests/uf100-430/uf100-0998.cnf	true	0.00448394	0.006348055001581088	1335296
610	tests/uf100-430/uf100-0471.cnf	true	0.00448553	0.005431889992905781	1339392
611	tests/uf100-430/uf100-097.cnf	true	0.004486295	0.004846737996558659	1335296
612	tests/uf100-430/uf100-0521.cnf	true	0.004488583	0.00617479499487672	1335296
613	tests/uf100-430/uf100-0463.cnf	true	0.004501465	0.004790929997398052	1335296
614	tests/uf100-430/uf100-0375.cnf	true	0.00451559	0.004893503006314859	1335296
615	tests/uf100-430/uf100-0499.cnf	true	0.004520472	0.005047521000960842	1335296
616	tests/uf100-430/uf100-0792.cnf	true	0.004521097	0.005016894996515475	1339392
617	tests/uf100-430/uf100-0318.cnf	true	0.004522013	0.005441426001198124	1335296
618	tests/uf100-430/uf100-0555.cnf	true	0.004529212	0.006348479000735097	1376256
619	tests/uf100-430/uf100-0289.cnf	true	0.004548621	0.0052231980007491075	1335296
620	tests/uf100-430/uf100-0637.cnf	true	0.004548628	0.005115369000122882	1335296
621	tests/uf100-430/uf100-0404.cnf	true	0.004560333	0.006274393999774475	1335296
622	tests/uf100-430/uf100-0813.cnf	true	0.004560667	0.009073716995771974	1335296
623	tests/uf100-430/uf100-0673.cnf	true	0.004561015	0.004955607000738382	1335296
624	tests/uf100-430/uf100-0128.cnf	true	0.004587219	0.004834090999793261	1339392
625	tests/uf100-430/uf100-0919.cnf	true	0.004587595	0.004903562999970745	1335296
626	tests/uf100-430/uf100-0389.cnf	true	0.004592641	0.00489399900106946	1335296
627	tests/uf100-430/uf100-0223.cnf	true	0.004602815	0.005032764995121397	1335296
628	tests/uf100-430/uf100-0776.cnf	true	0.004610238	0.005083096002636012	1335296
629	tests/uf100-430/uf100-05.cnf	true	0.004611956	0.0050854029977926984	1335296
630	tests/uf100-430/uf100-0159.cnf	true	0.004614467	0.004900027000985574	1339392
631	tests/uf100-430/uf100-0180.cnf	true	0.004614799	0.005144222006492782	1335296
632	tests/uf100-430/uf100-0492.cnf	true	0.004615885	0.00493738899967866	1335296
633	tests/uf100-430/uf100-0589.cnf	true	0.004616149	0.004977150005288422	1404928
634	tests/uf100-430/uf100-016.cnf	true	0.004618426	0.0049054269984480925	1335296
635	tests/uf100-430/uf100-0219.cnf	true	0.004620476	0.004798385998583399	1335296
636	tests/uf100-430/uf100-0534.cnf	true	0.004628515	0.005011970999476034	1335296
637	tests/uf100-430/uf100-0841.cnf	true	0.004629935	0.005010816996218637	1335296
638	tests/uf100-430/uf100-0615.cnf	true	0.004636187	0.005329701998562086	1335296
639	tests/uf100-430/uf100-0997.cnf	true	0.004639674	0.005117290005728137	1335296
640	tests/uf100-430/uf100-0291.cnf	true	0.004647226	0.005102805997012183	1335296
641	tests/uf100-430/uf100-0275.cnf	true	0.004651336	0.005016055998567026	1335296
642	tests/uf100-430/uf100-0407.cnf	true	0.004656384	0.006569827004568651	1376256
643	tests/uf100-430/uf100-020.cnf	true	0.004670408	0.004991356996470131	1335296
644	tests/uf100-430/uf100-0585.cnf	true	0.004672926	0.0049820269996416755	1335296
645	tests/uf100-430/uf100-0969.cnf	true	0.004675805	0.0051404890036792494	1335296
646	tests/uf100-430/uf100-0395.cnf	true	0.004677071	0.0050840520052588545	1335296
647	tests/uf100-430/uf100-0675.cnf	true	0.004688884	0.005194792996917386	1335296
648	tests/uf100-430/uf100-0791.cnf	true	0.00468891	0.005297946998325642	1335296
649	tests/uf100-430/uf100-0522.cnf	true	0.004700174	0.00537241200072458	1335296
650	tests/uf100-430/uf100-0736.cnf	true	0.004703454	0.005040914998971857	1335296
651	tests/uf100-430/uf100-0690.cnf	true	0.004709867	0.007346190002863295	1277952
652	tests/uf100-430/uf100-0333.cnf	true	0.004713879	0.010034537997853477	1335296
653	tests/uf100-430/uf100-0624.cnf	true	0.004715686	0.0050291080042370595	1335296
654	tests/uf100-430/uf100-0230.cnf	true	0.004718276	0.005642825002723839	1335296
655	tests/uf100-430/uf100-0899.cnf	true	0.004719923	0.007054934001644142	1335296
656	tests/uf100-430/uf100-0622.cnf	true	0.004725559	0.00534404200152494	1335296
657	tests/uf100-430/uf100-029.cnf	true	0.004731527	0.006001611000101548	1335296
658	tests/uf100-430/uf100-0644.cnf	true	0.004739472	0.004993757000193	1335296
659	tests/uf100-430/uf100-0141.cnf	true	0.004745418	0.005093122999824118	1335296
660	tests/uf100-430/uf100-0145.cnf	true	0.004747494	0.005147117000888102	1335296
661	tests/uf100-430/uf100-0963.cnf	true	0.004750676	0.0060530199989443645	1286144
662	tests/uf100-430/uf100-0173.cnf	true	0.004751544	0.005326174003130291	1282048
663	tests/uf100-430/uf100-033.cnf	true	0.004768478	0.00800064700160874	1335296
664	tests/uf100-430/uf100-0692.cnf	true	0.004770719	0.006164671998703852	1335296
665	tests/uf100-430/uf100-0225.cnf	true	0.004791549	0.006612411998503376	1372160
666	tests/uf100-430/uf100-0868.cnf	true	0.004798263	0.005418940003437456	1335296
667	tests/uf100-430/uf100-0738.cnf	true	0.004799763	0.00513204799790401	1335296
668	tests/uf100-430/uf100-0472.cnf	true	0.004802524	0.0060037579969502985	1335296
669	tests/uf100-430/uf100-0519.cnf	true	0.004815034	0.005074203996628057	1335296
670	tests/uf100-430/uf100-0114.cnf	true	0.004819416	0.005103015995700844	1372160
671	tests/uf100-430/uf100-050.cnf	true	0.004827054	0.0053147919970797375	1335296
672	tests/uf100-430/uf100-0150.cnf	true	0.004833181	0.005115393003507052	1335296
673	tests/uf100-430/uf100-0272.cnf	true	0.004833406	0.005301313001837116	1335296
674	tests/uf100-430/uf100-0160.cnf	true	0.004845845	0.00555187399731949	1335296
675	tests/uf100-430/uf100-0669.cnf	true	0.004854138	0.0056989300064742565	1335296
676	tests/uf100-430/uf100-0221.cnf	true	0.004873403	0.005537233002542052	1335296
677	tests/uf100-430/uf100-0824.cnf	true	0.004877927	0.0051807560012093745	1335296
678	tests/uf100-430/uf100-077.cnf	true	0.004879243	0.005273057002341375	1372160
679	tests/uf100-430/uf100-0273.cnf	true	0.004884006	0.00529262099735206	1335296
680	tests/uf100-430/uf100-0411.cnf	true	0.00488822	0.00747989299998153	1335296
681	tests/uf100-430/uf100-0663.cnf	true	0.00489183	0.006288522999966517	1339392
682	tests/uf100-430/uf100-0709.cnf	true	0.004893594	0.005184580004424788	1335296
683	tests/uf100-430/uf100-0586.cnf	true	0.004904932	0.005282938996970188	1335296
684	tests/uf100-430/uf100-0977.cnf	true	0.004907423	0.00518624499818543	1335296
685	tests/uf100-430/uf100-0174.cnf	true	0.004929435	0.005436368999653496	1335296
686	tests/uf100-430/uf100-0984.cnf	true	0.004937952	0.005414787003246602	1339392
687	tests/uf100-430/uf100-0457.cnf	true	0.004944725	0.005243936997430865	1335296
688	tests/uf100-430/uf100-042.cnf	true	0.004955583	0.005690137004421558	1335296
689	tests/uf100-430/uf100-0290.cnf	true	0.004958081	0.005289827000524383	1335296
690	tests/uf100-430/uf100-0733.cnf	true	0.004966186	0.005578614000114612	1335296
691	tests/uf100-430/uf100-0816.cnf	true	0.004968972	0.00550306399964029	1368064
692	tests/uf100-430/uf100-0303.cnf	true	0.004973862	0.005392481994931586	1335296
693	tests/uf100-430/uf100-062.cnf	true	0.004976765	0.00535480999678839	1335296
694	tests/uf100-430/uf100-0459.cnf	true	0.004986257	0.0055166800011647865	1368064
695	tests/uf100-430/uf100-0532.cnf	true	0.0049871	0.005678132998582441	1335296
696	tests/uf100-430/uf100-0584.cnf	true	0.004999178	0.005241175000264775	1335296
697	tests/uf100-430/uf100-0642.cnf	true	0.005003178	0.005240259000856895	1335296
698	tests/uf100-430/uf100-0271.cnf	true	0.005017432	0.0070736710040364414	1335296
699	tests/uf100-430/uf100-0971.cnf	true	0.005019774	0.005371389997890219	1335296
700	tests/uf100-430/uf100-0714.cnf	true	0.005034347	0.005838036006025504	1335296
701	tests/uf100-430/uf100-0440.cnf	true	0.005044463	0.005369362996134441	1335296
702	tests/uf100-430/uf100-0771.cnf	true	0.00505629	0.00545737000356894	1335296
703	tests/uf100-430/uf100-0196.cnf	true	0.005065482	0.0052989910036558285	1335296
704	tests/uf100-430/uf100-0896.cnf	true	0.00507589	0.0056901079951785505	1306624
705	tests/uf100-430/uf100-054.cnf	true	0.005099427	0.007018855998467188	1335296
706	tests/uf100-430/uf100-0228.cnf	true	0.005129703	0.005903270997805521	1335296
707	tests/uf100-430/uf100-0654.cnf	true	0.005131981	0.0067309270016266964	1335296
708	tests/uf100-430/uf100-0528.cnf	true	0.005139177	0.0057147339975927025	1335296
709	tests/uf100-430/uf100-0256.cnf	true	0.005147763	0.005524166001123376	1335296
710	tests/uf100-430/uf100-0716.cnf	true	0.005160911	0.005752345998189412	1335296
711	tests/uf100-430/uf100-0577.cnf	true	0.005175669	0.010556854998867493	1335296
712	tests/uf100-430/uf100-063.cnf	true	0.0051877	0.005460214000777341	1335296
713	tests/uf100-430/uf100-0858.cnf	true	0.005200293	0.005783188003988471	1335296
714	tests/uf100-430/uf100-015.cnf	true	0.005228748	0.0054879739982425235	1335296
715	tests/uf100-430/uf100-0777.cnf	true	0.005229936	0.005590732005657628	1335296
716	tests/uf100-430/uf100-0140.cnf	true	0.005236772	0.005685996999091003	1335296
717	tests/uf100-430/uf100-0757.cnf	true	0.005266872	0.0058529040034045465	1368064
718	tests/uf100-430/uf100-0989.cnf	true	0.005283589	0.0055278520012507215	1335296
719	tests/uf100-430/uf100-0651.cnf	true	0.005287408	0.006797832000302151	1335296
720	tests/uf100-430/uf100-0656.cnf	true	0.005290664	0.005628457998682279	1335296
721	tests/uf100-430/uf100-0599.cnf	true	0.005295946	0.005775522004114464	1335296
722	tests/uf100-430/uf100-0453.cnf	true	0.005312769	0.005764323999756016	1335296
723	tests/uf100-430/uf100-0155.cnf	true	0.00531556	0.006023146001098212	1335296
724	tests/uf100-430/uf100-0760.cnf	true	0.0053282	0.005596404000243638	1335296
725	tests/uf100-430/uf100-0220.cnf	true	0.005329692	0.006077625999751035	1335296
726	tests/uf100-430/uf100-0786.cnf	true	0.0053324	0.0056946379991131835	1318912
727	tests/uf100-430/uf100-0598.cnf	true	0.005343717	0.00570620199869154	1335296
728	tests/uf100-430/uf100-0104.cnf	true	0.005345986	0.005594980997557286	1335296
729	tests/uf100-430/uf100-0400.cnf	true	0.005348431	0.005725691997213289	1335296
730	tests/uf100-430/uf100-0784.cnf	true	0.005355757	0.006310653996479232	1335296
731	tests/uf100-430/uf100-0755.cnf	true	0.005372354	0.005776030004199129	1335296
732	tests/uf100-430/uf100-0689.cnf	true	0.005385668	0.005657098001393024	1335296
733	tests/uf100-430/uf100-0332.cnf	true	0.005443444	0.009936957998434082	1335296
734	tests/uf100-430/uf100-0283.cnf	true	0.005455992	0.005663861003995407	1335296
735	tests/uf100-430/uf100-0815.cnf	true	0.005456177	0.007068952996633016	1335296
736	tests/uf100-430/uf100-0625.cnf	true	0.005474679	0.007629375999385957	1368064
737	tests/uf100-430/uf100-0403.cnf	true	0.005480212	0.005908979001105763	1335296
738	tests/uf100-430/uf100-0626.cnf	true	0.005488873	0.012216946997796185	1339392
739	tests/uf100-430/uf100-0608.cnf	true	0.005490416	0.005726260002120398	1335296
740	tests/uf100-430/uf100-0448.cnf	true	0.005496326	0.006000030996801797	1335296
741	tests/uf100-430/uf100-0123.cnf	true	0.005523321	0.005916788999456912	1335296
742	tests/uf100-430/uf100-0224.cnf	true	0.005528321	0.006728993001161143	1335296
743	tests/uf100-430/uf100-0105.cnf	true	0.005538375	0.006326244001684245	1335296
744	tests/uf100-430/uf100-0426.cnf	true	0.005552466	0.009064757003216073	1339392
745	tests/uf100-430/uf100-0421.cnf	true	0.005565551	0.005951122999249492	1363968
746	tests/uf100-430/uf100-0672.cnf	true	0.005604716	0.006294933999015484	1363968
747	tests/uf100-430/uf100-0409.cnf	true	0.005615288	0.006040458996722009	1335296
748	tests/uf100-430/uf100-0681.cnf	true	0.005619339	0.005867874999239575	1335296
749	tests/uf100-430/uf100-0574.cnf	true	0.00566562	0.006206803998793475	1335296
750	tests/uf100-430/uf100-045.cnf	true	0.005668525	0.008887406998837832	1335296
751	tests/uf100-430/uf100-0425.cnf	true	0.005674143	0.007210073999885935	1335296
752	tests/uf100-430/uf100-0144.cnf	true	0.005675925	0.006021918001351878	1335296
753	tests/uf100-430/uf100-085.cnf	true	0.005692744	0.006000652996590361	1335296
754	tests/uf100-430/uf100-0925.cnf	true	0.00569613	0.008904039998014923	1335296
755	tests/uf100-430/uf100-0292.cnf	true	0.005719809	0.006124412000644952	1335296
756	tests/uf100-430/uf100-0768.cnf	true	0.00571987	0.0064636690003681	1335296
757	tests/uf100-430/uf100-0955.cnf	true	0.005738942	0.0059636410005623475	1335296
758	tests/uf100-430/uf100-0852.cnf	true	0.005740524	0.006646241003181785	1335296
759	tests/uf100-430/uf100-0452.cnf	true	0.005753848	0.007871451001847163	1335296
760	tests/uf100-430/uf100-0916.cnf	true	0.005757744	0.007622698998602573	1335296
761	tests/uf100-430/uf100-0274.cnf	true	0.005757937	0.006145126004412305	1339392
762	tests/uf100-430/uf100-0893.cnf	true	0.005762315	0.006129761000920553	1339392
763	tests/uf100-430/uf100-0787.cnf	true	0.005782194	0.006004217000736389	1335296
764	tests/uf100-430/uf100-0162.cnf	true	0.005790539	0.006035386002622545	1335296
765	tests/uf100-430/uf100-0468.cnf	true	0.00581651	0.006363050997606479	1372160
766	tests/uf100-430/uf100-0749.cnf	true	0.005819967	0.010334635000617709	1335296
767	tests/uf100-430/uf100-0678.cnf	true	0.005822215	0.006118043995229527	1368064
768	tests/uf100-430/uf100-0287.cnf	true	0.005823145	0.006261843998800032	1372160
769	tests/uf100-430/uf100-0135.cnf	true	0.005837287	0.006354709999868646	1335296
770	tests/uf100-430/uf100-0827.cnf	true	0.005874353	0.0063361339998664334	1376256
771	tests/uf100-430/uf100-0178.cnf	true	0.005880279	0.006280950998188928	1335296
772	tests/uf100-430/uf100-0229.cnf	true	0.005891119	0.008380977000342682	1372160
773	tests/uf100-430/uf100-0315.cnf	true	0.005923172	0.006334992998745292	1277952
774	tests/uf100-430/uf100-0564.cnf	true	0.005962768	0.0069032350002089515	1335296
775	tests/uf100-430/uf100-0435.cnf	true	0.00597478	0.00749346699740272	1372160
776	tests/uf100-430/uf100-0527.cnf	true	0.00597924	0.006630776995734777	1335296
777	tests/uf100-430/uf100-0240.cnf	true	0.005993256	0.006629346004046965	1335296
778	tests/uf100-430/uf100-0163.cnf	true	0.006007268	0.007959611000842415	1335296
779	tests/uf100-430/uf100-0860.cnf	true	0.006011063	0.007495545003621373	1335296
780	tests/uf100-430/uf100-0107.cnf	true	0.006034214	0.00653915099974256	1339392
781	tests/uf100-430/uf100-0401.cnf	true	0.006083788	0.006574844002898317	1314816
782	tests/uf100-430/uf100-0853.cnf	true	0.006084316	0.006459700001869351	1339392
783	tests/uf100-430/uf100-0891.cnf	true	0.006087755	0.006600952998269349	1335296
784	tests/uf100-430/uf100-0590.cnf	true	0.006098145	0.007021042998530902	1335296
785	tests/uf100-430/uf100-0994.cnf	true	0.006112008	0.007202068998594768	1335296
786	tests/uf100-430/uf100-0454.cnf	true	0.006116163	0.007049676998576615	1380352
787	tests/uf100-430/uf100-0927.cnf	true	0.006117927	0.007000989993684925	1335296
788	tests/uf100-430/uf100-0965.cnf	true	0.006118742	0.007176582999818493	1335296
789	tests/uf100-430/uf100-0634.cnf	true	0.00612657	0.007562854996649548	1335296
790	tests/uf100-430/uf100-038.cnf	true	0.006142551	0.00991233300010208	1335296
791	tests/uf100-430/uf100-089.cnf	true	0.006152018	0.008356066995474976	1335296
792	tests/uf100-430/uf100-0414.cnf	true	0.006187297	0.006795034001697786	1335296
793	tests/uf100-430/uf100-0245.cnf	true	0.006198743	0.011420932998589706	1335296
794	tests/uf100-430/uf100-0633.cnf	true	0.006203453	0.006665709006483667	1335296
795	tests/uf100-430/uf100-067.cnf	true	0.006207686	0.00898408599459799	1335296
796	tests/uf100-430/uf100-0751.cnf	true	0.006224392	0.006711374000587966	1335296
797	tests/uf100-430/uf100-0859.cnf	true	0.006244432	0.0069299560054787435	1335296
798	tests/uf100-430/uf100-0427.cnf	true	0.006244631	0.006811078004830051	1335296
799	tests/uf100-430/uf100-0331.cnf	true	0.006280834	0.006504463999590371	1335296
800	tests/uf100-430/uf100-0600.cnf	true	0.0062861	0.0070002849970478565	1376256
801	tests/uf100-430/uf100-0953.cnf	true	0.006305763	0.009675905996118672	1335296
802	tests/uf100-430/uf100-0684.cnf	true	0.006324685	0.0068749479978578165	1335296
803	tests/uf100-430/uf100-0979.cnf	true	0.006328594	0.007007911997789051	1335296
804	tests/uf100-430/uf100-0766.cnf	true	0.0063359	0.007328330997552257	1335296
805	tests/uf100-430/uf100-0943.cnf	true	0.006369039	0.006687143002636731	1335296
806	tests/uf100-430/uf100-0617.cnf	true	0.006381915	0.007041846001811791	1335296
807	tests/uf100-430/uf100-0616.cnf	true	0.006392262	0.006980696998653002	1335296
808	tests/uf100-430/uf100-0607.cnf	true	0.006398343	0.007240529004775453	1335296
809	tests/uf100-430/uf100-0254.cnf	true	0.006433729	0.007073743996443227	1335296
810	tests/uf100-430/uf100-0773.cnf	true	0.006442201	0.007248938003613148	1335296
811	tests/uf100-430/uf100-0364.cnf	true	0.006442772	0.006711262998578604	1335296
812	tests/uf100-430/uf100-0937.cnf	true	0.006455052	0.007235236000269651	1335296
813	tests/uf100-430/uf100-0767.cnf	true	0.006465754	0.00749182599975029	1335296
814	tests/uf100-430/uf100-0482.cnf	true	0.006474	0.006774567998945713	1335296
815	tests/uf100-430/uf100-0502.cnf	true	0.006514202	0.007252960996993352	1335296
816	tests/uf100-430/uf100-0505.cnf	true	0.006534659	0.007174751997808926	1335296
817	tests/uf100-430/uf100-075.cnf	true	0.006593248	0.009983003998058848	1335296
818	tests/uf100-430/uf100-0897.cnf	true	0.00661397	0.011689204002323095	1335296
819	tests/uf100-430/uf100-080.cnf	true	0.006616178	0.007679021000512876	1335296
820	tests/uf100-430/uf100-0793.cnf	true	0.006645704	0.007233041993458755	1372160
821	tests/uf100-430/uf100-0569.cnf	true	0.006669638	0.0071754099990357645	1335296
822	tests/uf100-430/uf100-0889.cnf	true	0.006679808	0.006995882002229337	1384448
823	tests/uf100-430/uf100-0253.cnf	true	0.006682707	0.0070684969978174195	1335296
824	tests/uf100-430/uf100-0138.cnf	true	0.006710732	0.0073939739959314466	1335296
825	tests/uf100-430/uf100-0405.cnf	true	0.006756796	0.007056778995320201	1335296
826	tests/uf100-430/uf100-0874.cnf	true	0.006758598	0.01104185499571031	1335296
827	tests/uf100-430/uf100-0247.cnf	true	0.006759665	0.008760276003158651	1335296
828	tests/uf100-430/uf100-0803.cnf	true	0.006770381	0.007649291001143865	1359872
829	tests/uf100-430/uf100-0215.cnf	true	0.006781267	0.0074420149976504035	1335296
830	tests/uf100-430/uf100-0495.cnf	true	0.00678996	0.007482700995751657	1335296
831	tests/uf100-430/uf100-0280.cnf	true	0.006805548	0.007095961002050899	1335296
832	tests/uf100-430/uf100-0911.cnf	true	0.00682978	0.008884250004484784	1335296
833	tests/uf100-430/uf100-0191.cnf	true	0.0068397	0.007069238003168721	1335296
834	tests/uf100-430/uf100-0713.cnf	true	0.006861223	0.007145405994378962	1372160
835	tests/uf100-430/uf100-0106.cnf	true	0.006863588	0.007758574000035878	1339392
836	tests/uf100-430/uf100-0507.cnf	true	0.006887727	0.0076152330002514645	1335296
837	tests/uf100-430/uf100-0775.cnf	true	0.006889179	0.007566088999737985	1335296
838	tests/uf100-430/uf100-098.cnf	true	0.006892633	0.007661197996640112	1335296
839	tests/uf100-430/uf100-0293.cnf	true	0.006918272	0.012134771997807547	1335296
840	tests/uf100-430/uf100-0529.cnf	true	0.00693051	0.0076550849989871494	1335296
841	tests/uf100-430/uf100-012.cnf	true	0.006931848	0.008482062003167812	1335296
842	tests/uf100-430/uf100-0351.cnf	true	0.006952	0.008180593998986296	1335296
843	tests/uf100-430/uf100-0912.cnf	true	0.006965609	0.0076972530005150475	1335296
844	tests/uf100-430/uf100-0693.cnf	true	0.006967544	0.0074222580005880445	1359872
845	tests/uf100-430/uf100-0680.cnf	true	0.00697967	0.007281549995241221	1335296
846	tests/uf100-430/uf100-0848.cnf	true	0.007010243	0.007342451004660688	1335296
847	tests/uf100-430/uf100-0296.cnf	true	0.007030621	0.008341585002199281	1335296
848	tests/uf100-430/uf100-011.cnf	true	0.007037538	0.007495251004002057	1335296
849	tests/uf100-430/uf100-0909.cnf	true	0.007060063	0.009657828995841555	1359872
850	tests/uf100-430/uf100-0109.cnf	true	0.007073314	0.007785441004671156	1335296
851	tests/uf100-430/uf100-0699.cnf	true	0.007123006	0.007429060999129433	1335296
852	tests/uf100-430/uf100-0769.cnf	true	0.007143692	0.00796458399418043	1335296
853	tests/uf100-430/uf100-0402.cnf	true	0.007161157	0.007732641999609768	1335296
854	tests/uf100-430/uf100-0214.cnf	true	0.007180666	0.008473287001834251	1335296
855	tests/uf100-430/uf100-0814.cnf	true	0.007194656	0.008275934000266716	1380352
856	tests/uf100-430/uf100-0579.cnf	true	0.007207972	0.009374143999593798	1363968
857	tests/uf100-430/uf100-0812.cnf	true	0.007216668	0.007588304004457314	1335296
858	tests/uf100-430/uf100-0255.cnf	true	0.007224321	0.007810016999428626	1335296
859	tests/uf100-430/uf100-0388.cnf	true	0.007320555	0.007796510006301105	1335296
860	tests/uf100-430/uf100-0683.cnf	true	0.007330004	0.007925818994408473	1335296
861	tests/uf100-430/uf100-0295.cnf	true	0.007333315	0.008145853003952652	1335296
862	tests/uf100-430/uf100-0800.cnf	true	0.007338225	0.00793132799299201	1335296
863	tests/uf100-430/uf100-0967.cnf	true	0.007342394	0.008755119000852574	1335296
864	tests/uf100-430/uf100-0592.cnf	true	0.007346108	0.007939393006381579	1335296
865	tests/uf100-430/uf100-0111.cnf	true	0.007362097	0.008218725000915583	1335296
866	tests/uf100-430/uf100-0520.cnf	true	0.007374613	0.009131841005000751	1363968
867	tests/uf100-430/uf100-0614.cnf	true	0.007380578	0.00798426200344693	1335296
868	tests/uf100-430/uf100-0799.cnf	true	0.007401073	0.008282235001388472	1335296
869	tests/uf100-430/uf100-0436.cnf	true	0.007442911	0.007698847999563441	1335296
870	tests/uf100-430/uf100-0674.cnf	true	0.007446722	0.007843813997169491	1335296
871	tests/uf100-430/uf100-0851.cnf	true	0.007460173	0.007883131002017763	1335296
872	tests/uf100-430/uf100-035.cnf	true	0.007460684	0.010229396000795532	1335296
873	tests/uf100-430/uf100-0797.cnf	true	0.007513739	0.008313839003676549	1335296
874	tests/uf100-430/uf100-0933.cnf	true	0.007522896	0.007986931996128988	1400832
875	tests/uf100-430/uf100-083.cnf	true	0.007561817	0.008047919000091497	1372160
876	tests/uf100-430/uf100-0748.cnf	true	0.007574278	0.008549040998332202	1335296
877	tests/uf100-430/uf100-0913.cnf	true	0.00758095	0.008396288998483215	1335296
878	tests/uf100-430/uf100-0438.cnf	true	0.00759115	0.008389085000089835	1335296
879	tests/uf100-430/uf100-0246.cnf	true	0.007599046	0.012728011002764106	1335296
880	tests/uf100-430/uf100-0451.cnf	true	0.007611688	0.008288661003462039	1388544
881	tests/uf100-430/uf100-0887.cnf	true	0.007660419	0.009412699000677094	1335296
882	tests/uf100-430/uf100-0120.cnf	true	0.007665835	0.016490836002049036	1335296
883	tests/uf100-430/uf100-0646.cnf	true	0.007683913	0.0079621760014561	1363968
884	tests/uf100-430/uf100-0878.cnf	true	0.007773787	0.008734627997910138	1392640
885	tests/uf100-430/uf100-0632.cnf	true	0.007807795	0.008292439000797458	1335296
886	tests/uf100-430/uf100-0243.cnf	true	0.007813625	0.010144574000150897	1335296
887	tests/uf100-430/uf100-0242.cnf	true	0.007824653	0.010348659001465421	1363968
888	tests/uf100-430/uf100-059.cnf	true	0.007850223	0.008565386997361202	1335296
889	tests/uf100-430/uf100-0307.cnf	true	0.007877694	0.00854504099697806	1335296
890	tests/uf100-430/uf100-0508.cnf	true	0.007892412	0.008790635998593643	1306624
891	tests/uf100-430/uf100-0648.cnf	true	0.007895321	0.008778184994298499	1335296
892	tests/uf100-430/uf100-0602.cnf	true	0.007908895	0.008320191001985222	1335296
893	tests/uf100-430/uf100-0531.cnf	true	0.007914699	0.008618507999926805	1335296
894	tests/uf100-430/uf100-025.cnf	true	0.007920979	0.008428549001109786	1335296
895	tests/uf100-430/uf100-0539.cnf	true	0.007922882	0.014002130999870133	1335296
896	tests/uf100-430/uf100-0649.cnf	true	0.00792304	0.009342602999822702	1335296
897	tests/uf100-430/uf100-0804.cnf	true	0.007940119	0.008516953996149823	1335296
898	tests/uf100-430/uf100-0387.cnf	true	0.007940296	0.009877871998469345	1335296
899	tests/uf100-430/uf100-0455.cnf	true	0.007991016	0.008433785995293874	1335296
900	tests/uf100-430/uf100-091.cnf	true	0.00808692	0.00891228000546107	1335296
901	tests/uf100-430/uf100-0665.cnf	true	0.008090986	0.009191117002046667	1335296
902	tests/uf100-430/uf100-0636.cnf	true	0.008149495	0.00887428499845555	1335296
903	tests/uf100-430/uf100-0582.cnf	true	0.008149793	0.008804388999124058	1335296
904	tests/uf100-430/uf100-0846.cnf	true	0.008159488	0.008652952004922554	1335296
905	tests/uf100-430/uf100-0667.cnf	true	0.008166889	0.00963382299960358	1335296
906	tests/uf100-430/uf100-0444.cnf	true	0.008195937	0.010110906005138531	1335296
907	tests/uf100-430/uf100-0439.cnf	true	0.008197882	0.012817063005059026	1335296
908	tests/uf100-430/uf100-08.cnf	true	0.008199255	0.009008961998915765	1335296
909	tests/uf100-430/uf100-0540.cnf	true	0.00823704	0.010850036996998824	1335296
910	tests/uf100-430/uf100-023.cnf	true	0.008262454	0.009864578001725022	1335296
911	tests/uf100-430/uf100-0936.cnf	true	0.008308204	0.009216404003382195	1335296
912	tests/uf100-430/uf100-0501.cnf	true	0.008361046	0.008952493000833783	1335296
913	tests/uf100-430/uf100-068.cnf	true	0.008388764	0.00899507499707397	1335296
914	tests/uf100-430/uf100-0907.cnf	true	0.008406706	0.010115356002643239	1335296
915	tests/uf100-430/uf100-0560.cnf	true	0.008428111	0.008915628000977449	1392640
916	tests/uf100-430/uf100-0347.cnf	true	0.008487419	0.012565914999868255	1335296
917	tests/uf100-430/uf100-0914.cnf	true	0.008596642	0.009176364001177717	1335296
918	tests/uf100-430/uf100-0966.cnf	true	0.008615345	0.016442231004475616	1335296
919	tests/uf100-430/uf100-0857.cnf	true	0.008644447	0.009409924001374748	1335296
920	tests/uf100-430/uf100-0691.cnf	true	0.008659629	0.009206718001223635	1363968
921	tests/uf100-430/uf100-0422.cnf	true	0.008692295	0.02614332100347383	1335296
922	tests/uf100-430/uf100-0541.cnf	true	0.008700934	0.013525517002562992	1372160
923	tests/uf100-430/uf100-0122.cnf	true	0.008760269	0.012725745000352617	1335296
924	tests/uf100-430/uf100-0906.cnf	true	0.008787866	0.011801815002399962	1335296
925	tests/uf100-430/uf100-0350.cnf	true	0.008843366	0.009615688999474514	1335296
926	tests/uf100-430/uf100-0248.cnf	true	0.008866937	0.009777310006029438	1359872
927	tests/uf100-430/uf100-0856.cnf	true	0.00887044	0.009371015003125649	1335296
928	tests/uf100-430/uf100-0798.cnf	true	0.008881018	0.00992234799923608	1339392
929	tests/uf100-430/uf100-0249.cnf	true	0.00896671	0.010162261001823936	1335296
930	tests/uf100-430/uf100-0108.cnf	true	0.008976169	0.009502227003395092	1335296
931	tests/uf100-430/uf100-0490.cnf	true	0.009057227	0.009963260999938939	1355776
932	tests/uf100-430/uf100-0288.cnf	true	0.009115741	0.009500729996943846	1372160
933	tests/uf100-430/uf100-0506.cnf	true	0.009127205	0.010600515000987798	1335296
934	tests/uf100-430/uf100-0666.cnf	true	0.009133907	0.009827112000493798	1335296
935	tests/uf100-430/uf100-044.cnf	true	0.009187599	0.010218788003840018	1335296
936	tests/uf100-430/uf100-0676.cnf	true	0.009211107	0.009750006000103895	1335296
937	tests/uf100-430/uf100-0353.cnf	true	0.009305282	0.010685084998840466	1339392
938	tests/uf100-430/uf100-0498.cnf	true	0.009343706	0.01032602800114546	1335296
939	tests/uf100-430/uf100-0838.cnf	true	0.009369709	0.010317797998141032	1335296
940	tests/uf100-430/uf100-0993.cnf	true	0.009380723	0.010171139001613483	1335296
941	tests/uf100-430/uf100-053.cnf	true	0.009385194	0.010142002000065986	1335296
942	tests/uf100-430/uf100-052.cnf	true	0.009416748	0.0106841090018861	1335296
943	tests/uf100-430/uf100-0216.cnf	true	0.009468402	0.010624896000081208	1335296
944	tests/uf100-430/uf100-0530.cnf	true	0.009519078	0.016132842996739782	1339392
945	tests/uf100-430/uf100-0480.cnf	true	0.009579242	0.010032728001533542	1335296
946	tests/uf100-430/uf100-0991.cnf	true	0.009672788	0.010643164998327848	1372160
947	tests/uf100-430/uf100-0915.cnf	true	0.009783049	0.010299628003849648	1335296
948	tests/uf100-430/uf100-0503.cnf	true	0.009817997	0.011367384999175556	1335296
949	tests/uf100-430/uf100-0110.cnf	true	0.009820726	0.010491032000572886	1335296
950	tests/uf100-430/uf100-0213.cnf	true	0.009826322	0.01071442999818828	1335296
951	tests/uf100-430/uf100-0423.cnf	true	0.00989014	0.010858134999580216	1335296
952	tests/uf100-430/uf100-0910.cnf	true	0.009989276	0.010623301997839008	1335296
953	tests/uf100-430/uf100-0908.cnf	true	0.010232829	0.011238665007113013	1335296
954	tests/uf100-430/uf100-0849.cnf	true	0.010309158	0.011120348004624248	1335296
955	tests/uf100-430/uf100-0496.cnf	true	0.010382779	0.012091427997802384	1388544
956	tests/uf100-430/uf100-0931.cnf	true	0.010565281	0.015513313999690581	1335296
957	tests/uf100-430/uf100-0419.cnf	true	0.010629085	0.01168784099718323	1335296
958	tests/uf100-430/uf100-086.cnf	true	0.010747647	0.011602787002630066	1372160
959	tests/uf100-430/uf100-0437.cnf	true	0.010766334	0.012261029994988348	1335296
960	tests/uf100-430/uf100-0964.cnf	true	0.010792962	0.011878911005624104	1335296
961	tests/uf100-430/uf100-0935.cnf	true	0.010796048	0.011846346998936497	1335296
962	tests/uf100-430/uf100-0488.cnf	true	0.010843151	0.011523635999765247	1359872
963	tests/uf100-430/uf100-0796.cnf	true	0.010843599	0.01138072699541226	1335296
964	tests/uf100-430/uf100-0900.cnf	true	0.010846342	0.013555891993746627	1372160
965	tests/uf100-430/uf100-0381.cnf	true	0.010850806	0.01687667700025486	1335296
966	tests/uf100-430/uf100-0575.cnf	true	0.010902096	0.012073682999471202	1335296
967	tests/uf100-430/uf100-065.cnf	true	0.010906302	0.011643322999589145	1363968
968	tests/uf100-430/uf100-0774.cnf	true	0.011006561	0.011612629001319874	1335296
969	tests/uf100-430/uf100-0294.cnf	true	0.01100728	0.011673606000840664	1335296
970	tests/uf100-430/uf100-0578.cnf	true	0.011026197	0.012436548997357022	1339392
971	tests/uf100-430/uf100-09.cnf	true	0.011213535	0.011980563001998235	1335296
972	tests/uf100-430/uf100-0647.cnf	true	0.011343729	0.012069584001437761	1335296
973	tests/uf100-430/uf100-0382.cnf	true	0.011408668	0.012966403999598697	1335296
974	tests/uf100-430/uf100-0980.cnf	true	0.011489979	0.01259387300524395	1335296
975	tests/uf100-430/uf100-0576.cnf	true	0.011490542	0.012786653998773545	1359872
976	tests/uf100-430/uf100-0121.cnf	true	0.011506199	0.012075196995283477	1335296
977	tests/uf100-430/uf100-0380.cnf	true	0.011522543	0.012901980000606272	1335296
978	tests/uf100-430/uf100-0352.cnf	true	0.011722993	0.0135315890001948	1388544
979	tests/uf100-430/uf100-0802.cnf	true	0.011830029	0.012570370003231801	1335296
980	tests/uf100-430/uf100-0840.cnf	true	0.011851365	0.012591530998179223	1335296
981	tests/uf100-430/uf100-0839.cnf	true	0.012278895	0.014872845000354573	1359872
982	tests/uf100-430/uf100-0996.cnf	true	0.012425809	0.012997372999961954	1335296
983	tests/uf100-430/uf100-0750.cnf	true	0.012446269	0.013254995996248908	1339392
984	tests/uf100-430/uf100-0348.cnf	true	0.012449491	0.014923123002517968	1335296
985	tests/uf100-430/uf100-0886.cnf	true	0.012487246	0.013452163002511952	1372160
986	tests/uf100-430/uf100-0668.cnf	true	0.012508724	0.013097951996314805	1335296
987	tests/uf100-430/uf100-0504.cnf	true	0.012526351	0.01330147899716394	1335296
988	tests/uf100-430/uf100-084.cnf	true	0.013290571	0.013916862997575663	1335296
989	tests/uf100-430/uf100-0244.cnf	true	0.013573339	0.01606845900096232	1314816
990	tests/uf100-430/uf100-0349.cnf	true	0.013675701	0.01841487099591177	1388544
991	tests/uf100-430/uf100-0981.cnf	true	0.013726324	0.014778905002458487	1335296
992	tests/uf100-430/uf100-0591.cnf	true	0.013834739	0.014371516997925937	1335296
993	tests/uf100-430/uf100-0795.cnf	true	0.014252309	0.015613565999956336	1335296
994	tests/uf100-430/uf100-090.cnf	true	0.01460948	0.017135411995695904	1372160
995	tests/uf100-430/uf100-0938.cnf	true	0.014644688	0.01530251299845986	1335296
996	tests/uf100-430/uf100-0885.cnf	true	0.014990794	0.015651873000024352	1335296
997	tests/uf100-430/uf100-0995.cnf	true	0.015114761	0.01608709899301175	1335296
998	tests/uf100-430/uf100-0888.cnf	true	0.015948266	0.017951786998310126	1335296
999	tests/uf100-430/uf100-0801.cnf	true	0.016479331	0.017583109001861885	1376256
1000	tests/uf100-430/uf100-0901.cnf	true	0.016640525	0.017376233998220414	1372160
