1	tests/uuf100-430/uuf100-0631.cnf	false	0.10096306	0.1013943979924079	9011200
2	tests/uuf100-430/uuf100-0169.cnf	false	0.111969482	0.1122304599994095	8986624
3	tests/uuf100-430/uuf100-098.cnf	false	0.117362413	0.11775160901015624	9023488
4	tests/uuf100-430/uuf100-0858.cnf	false	0.118214384	0.11855965599534102	8978432
5	tests/uuf100-430/uuf100-0948.cnf	false	0.119299159	0.11995599200599827	8982528
6	tests/uuf100-430/uuf100-0409.cnf	false	0.122187086	0.1228749759902712	8962048
7	tests/uuf100-430/uuf100-0433.cnf	false	0.122422396	0.12270705199625809	8982528
8	tests/uuf100-430/uuf100-0871.cnf	false	0.123793478	0.124042034993181	9019392
9	tests/uuf100-430/uuf100-0958.cnf	false	0.124047915	0.12434219600982033	8978432
10	tests/uuf100-430/uuf100-0478.cnf	false	0.12426517	0.12495769800443668	8982528
11	tests/uuf100-430/uuf100-0334.cnf	false	0.12592288	0.12639550799212884	8966144
12	tests/uuf100-430/uuf100-0662.cnf	false	0.126045591	0.12676115801150445	8990720
13	tests/uuf100-430/uuf100-0291.cnf	false	0.126157913	0.12673410099523608	8962048
14	tests/uuf100-430/uuf100-0275.cnf	false	0.126168221	0.12652874199557118	8970240
15	tests/uuf100-430/uuf100-0710.cnf	false	0.12789562	0.12817424700187985	9027584
16	tests/uuf100-430/uuf100-0576.cnf	false	0.12800807	0.12848257100267801	8994816
17	tests/uuf100-430/uuf100-0698.cnf	false	0.128105165	0.12856831100361887	8978432
18	tests/uuf100-430/uuf100-0636.cnf	false	0.12916729	0.12976067900308408	8941568
19	tests/uuf100-430/uuf100-0695.cnf	false	0.130417652	0.13080235199595336	8978432
20	tests/uuf100-430/uuf100-0520.cnf	false	0.130852108	0.13117808000242803	9003008
21	tests/uuf100-430/uuf100-0860.cnf	false	0.131584322	0.13214886499918066	8990720
22	tests/uuf100-430/uuf100-0366.cnf	false	0.131985058	0.13234903500415385	9035776
23	tests/uuf100-430/uuf100-0303.cnf	false	0.13242697	0.13262549000501167	9015296
24	tests/uuf100-430/uuf100-0501.cnf	false	0.134604454	0.13523065000481438	9048064
25	tests/uuf100-430/uuf100-0372.cnf	false	0.135182769	0.13551113499852363	8949760
26	tests/uuf100-430/uuf100-0634.cnf	false	0.135762955	0.13617508301103953	9043968
27	tests/uuf100-430/uuf100-0600.cnf	false	0.136997789	0.13722912900266238	9023488
28	tests/uuf100-430/uuf100-0696.cnf	false	0.137464097	0.13779660599539056	8945664
29	tests/uuf100-430/uuf100-0564.cnf	false	0.137685811	0.13856478700472508	8974336
30	tests/uuf100-430/uuf100-06.cnf	false	0.13789467	0.13846467799157836	9007104
31	tests/uuf100-430/uuf100-064.cnf	false	0.138542651	0.13887324600364082	8982528
32	tests/uuf100-430/uuf100-0300.cnf	false	0.139308428	0.13974759000120685	9023488
33	tests/uuf100-430/uuf100-0363.cnf	false	0.140030761	0.1488154959952226	8990720
34	tests/uuf100-430/uuf100-0358.cnf	false	0.140075005	0.14050361199770123	8994816
35	tests/uuf100-430/uuf100-0109.cnf	false	0.141143605	0.14152667998860124	8982528
36	tests/uuf100-430/uuf100-0167.cnf	false	0.141168602	0.14153283699124586	9035776
37	tests/uuf100-430/uuf100-0572.cnf	false	0.142064326	0.14287163400149439	9043968
38	tests/uuf100-430/uuf100-0348.cnf	false	0.14245286	0.14300523299607448	9035776
39	tests/uuf100-430/uuf100-0218.cnf	false	0.142793168	0.14306056599889416	8982528
40	tests/uuf100-430/uuf100-0534.cnf	false	0.142912312	0.14373604400316253	9031680
41	tests/uuf100-430/uuf100-0104.cnf	false	0.143213018	0.14346828199632	9031680
42	tests/uuf100-430/uuf100-0500.cnf	false	0.144281976	0.1448695020080777	8933376
43	tests/uuf100-430/uuf100-0952.cnf	false	0.144951907	0.1453107160050422	8945664
44	tests/uuf100-430/uuf100-0887.cnf	false	0.144963374	0.1454568930057576	9039872
45	tests/uuf100-430/uuf100-0170.cnf	false	0.144976255	0.14532092100125737	8966144
46	tests/uuf100-430/uuf100-0400.cnf	false	0.145136906	0.1457863620016724	9027584
47	tests/uuf100-430/uuf100-0911.cnf	false	0.145864264	0.14751690399134532	8998912
48	tests/uuf100-430/uuf100-0829.cnf	false	0.145933997	0.14625321100174915	8990720
49	tests/uuf100-430/uuf100-0308.cnf	false	0.146214409	0.1467911079962505	8982528
50	tests/uuf100-430/uuf100-0328.cnf	false	0.146545869	0.14688710600603372	9048064
51	tests/uuf100-430/uuf100-0470.cnf	false	0.146700563	0.14699031499912962	9019392
52	tests/uuf100-430/uuf100-055.cnf	false	0.14693635	0.14737474799039774	9039872
53	tests/uuf100-430/uuf100-0678.cnf	false	0.147048567	0.14737293300277088	8982528
54	tests/uuf100-430/uuf100-0398.cnf	false	0.147786632	0.1484074349864386	9003008
55	tests/uuf100-430/uuf100-0723.cnf	false	0.148005936	0.14870186398911756	8945664
56	tests/uuf100-430/uuf100-0802.cnf	false	0.148022907	0.1483331210038159	9011200
57	tests/uuf100-430/uuf100-069.cnf	false	0.14812772	0.14843401400139555	9019392
58	tests/uuf100-430/uuf100-0679.cnf	false	0.148253056	0.14852875599171966	8986624
59	tests/uuf100-430/uuf100-0996.cnf	false	0.148309927	0.14861579501302913	9039872
60	tests/uuf100-430/uuf100-0379.cnf	false	0.148857088	0.14942291300394572	8945664
61	tests/uuf100-430/uuf100-0923.cnf	false	0.148978845	0.14957341899571475	9003008
62	tests/uuf100-430/uuf100-0732.cnf	false	0.150296782	0.15087996098736767	9023488
63	tests/uuf100-430/uuf100-0164.cnf	false	0.151543789	0.15207166800973937	8970240
64	tests/uuf100-430/uuf100-0885.cnf	false	0.151707298	0.15196079199085943	8994816
65	tests/uuf100-430/uuf100-0999.cnf	false	0.152128786	0.1524841770005878	9023488
66	tests/uuf100-430/uuf100-0510.cnf	false	0.152532559	0.15312663400254678	8990720
67	tests/uuf100-430/uuf100-0573.cnf	false	0.152694664	0.15300374700746033	9019392
68	tests/uuf100-430/uuf100-0455.cnf	false	0.153696642	0.15672141799586825	8978432
69	tests/uuf100-430/uuf100-0537.cnf	false	0.153944735	0.15421136700024363	9007104
70	tests/uuf100-430/uuf100-037.cnf	false	0.15435164	0.15502783400006592	8953856
71	tests/uuf100-430/uuf100-0522.cnf	false	0.154376873	0.15469773299992085	8953856
72	tests/uuf100-430/uuf100-0942.cnf	false	0.15463859	0.1550676740007475	8974336
73	tests/uuf100-430/uuf100-0652.cnf	false	0.154669173	0.1551167129946407	9023488
74	tests/uuf100-430/uuf100-039.cnf	false	0.155029769	0.15567803700105287	8978432
75	tests/uuf100-430/uuf100-0690.cnf	false	0.155335329	0.15598913699795958	8998912
76	tests/uuf100-430/uuf100-0725.cnf	false	0.155677905	0.15596878901124	8937472
77	tests/uuf100-430/uuf100-0133.cnf	false	0.15573274	0.1559850479970919	8982528
78	tests/uuf100-430/uuf100-0127.cnf	false	0.155854699	0.15613143400696572	8998912
79	tests/uuf100-430/uuf100-0687.cnf	false	0.156378487	0.15678784799820278	9043968
80	tests/uuf100-430/uuf100-0173.cnf	false	0.156474163	0.1568165000062436	9011200
81	tests/uuf100-430/uuf100-0485.cnf	false	0.156608372	0.1569104350055568	8945664
82	tests/uuf100-430/uuf100-0321.cnf	false	0.156633781	0.15695724199758843	9015296
83	tests/uuf100-430/uuf100-0995.cnf	false	0.156853361	0.15718328600632958	9007104
84	tests/uuf100-430/uuf100-0630.cnf	false	0.157038523	0.15738242599763907	9003008
85	tests/uuf100-430/uuf100-0593.cnf	false	0.158007993	0.1586384099937277	8957952
86	tests/uuf100-430/uuf100-0504.cnf	false	0.158062095	0.1584013139945455	9003008
87	tests/uuf100-430/uuf100-0789.cnf	false	0.15852226	0.15891578399168793	9015296
88	tests/uuf100-430/uuf100-0458.cnf	false	0.158966015	0.15938704600557685	8994816
89	tests/uuf100-430/uuf100-0310.cnf	false	0.159251628	0.1595488099992508	8994816
90	tests/uuf100-430/uuf100-0193.cnf	false	0.159283211	0.15993803800665773	8962048
91	tests/uuf100-430/uuf100-0441.cnf	false	0.159386392	0.1599219380004797	9031680
92	tests/uuf100-430/uuf100-0681.cnf	false	0.159518427	0.16014460699807387	9035776
93	tests/uuf100-430/uuf100-0112.cnf	false	0.159650947	0.16001718898769468	8982528
94	tests/uuf100-430/uuf100-0890.cnf	false	0.160706544	0.16132463701069355	8953856
95	tests/uuf100-430/uuf100-0101.cnf	false	0.16085874	0.16125636399374343	8986624
96	tests/uuf100-430/uuf100-0984.cnf	false	0.160865808	0.16116879400215112	9007104
97	tests/uuf100-430/uuf100-0454.cnf	false	0.160907256	0.16121564799686894	9056256
98	tests/uuf100-430/uuf100-0195.cnf	false	0.161222419	0.16154810300213285	9039872
99	tests/uuf100-430/uuf100-0330.cnf	false	0.161453497	0.16176762100076303	9023488
100	tests/uuf100-430/uuf100-0856.cnf	false	0.161477787	0.1617649830004666	9023488
101	tests/uuf100-430/uuf100-0806.cnf	false	0.162049574	0.1625979539967375	9019392
102	tests/uuf100-430/uuf100-073.cnf	false	0.162646638	0.16296041599707678	8933376
103	tests/uuf100-430/uuf100-0989.cnf	false	0.162757421	0.16302553399873432	8978432
104	tests/uuf100-430/uuf100-032.cnf	false	0.162895149	0.16319224300968926	9052160
105	tests/uuf100-430/uuf100-0417.cnf	false	0.163549639	0.16385978100879584	9019392
106	tests/uuf100-430/uuf100-09.cnf	false	0.163644643	0.16393265000078827	9027584
107	tests/uuf100-430/uuf100-0837.cnf	false	0.163657047	0.16399594700487796	9027584
108	tests/uuf100-430/uuf100-0896.cnf	false	0.1636626	0.16538787200988736	9027584
109	tests/uuf100-430/uuf100-0905.cnf	false	0.164437064	0.1650343879882712	9003008
110	tests/uuf100-430/uuf100-0121.cnf	false	0.164457936	0.16520379199937452	9023488
111	tests/uuf100-430/uuf100-0784.cnf	false	0.164671237	0.16503598500275984	9043968
112	tests/uuf100-430/uuf100-0406.cnf	false	0.164999098	0.165624654997373	8941568
113	tests/uuf100-430/uuf100-0592.cnf	false	0.165030769	0.16559337900253013	9003008
114	tests/uuf100-430/uuf100-0394.cnf	false	0.165094462	0.1660730260045966	8925184
115	tests/uuf100-430/uuf100-0731.cnf	false	0.165096494	0.16552336000313517	8978432
116	tests/uuf100-430/uuf100-0146.cnf	false	0.165209452	0.16590387299947906	8978432
117	tests/uuf100-430/uuf100-0781.cnf	false	0.165387673	0.16582896700128913	8986624
118	tests/uuf100-430/uuf100-0832.cnf	false	0.165404566	0.16578798000409734	8990720
119	tests/uuf100-430/uuf100-051.cnf	false	0.165432778	0.16737772698979825	8990720
120	tests/uuf100-430/uuf100-0339.cnf	false	0.165986072	0.16626680300396401	9039872
121	tests/uuf100-430/uuf100-054.cnf	false	0.166032314	0.16639435599790886	9027584
122	tests/uuf100-430/uuf100-0473.cnf	false	0.166044265	0.16674588099704124	9015296
123	tests/uuf100-430/uuf100-0447.cnf	false	0.166079859	0.1665214650129201	8957952
124	tests/uuf100-430/uuf100-0889.cnf	false	0.166110106	0.16678724699886516	9015296
125	tests/uuf100-430/uuf100-0957.cnf	false	0.166370675	0.16682179100462236	9035776
126	tests/uuf100-430/uuf100-0973.cnf	false	0.166401457	0.1667842489987379	9003008
127	tests/uuf100-430/uuf100-0549.cnf	false	0.166597671	0.16709040199930314	9043968
128	tests/uuf100-430/uuf100-0118.cnf	false	0.166668339	0.16722336600651033	8957952
129	tests/uuf100-430/uuf100-0854.cnf	false	0.167020231	0.16757869299908634	9023488
130	tests/uuf100-430/uuf100-0327.cnf	false	0.167057591	0.16737419000128284	9035776
131	tests/uuf100-430/uuf100-0641.cnf	false	0.167095375	0.16741916400496848	9023488
132	tests/uuf100-430/uuf100-0656.cnf	false	0.167446619	0.16769821300113108	8978432
133	tests/uuf100-430/uuf100-0311.cnf	false	0.167630437	0.1683783320040675	9019392
134	tests/uuf100-430/uuf100-0637.cnf	false	0.167670628	0.1683969620062271	9023488
135	tests/uuf100-430/uuf100-0849.cnf	false	0.167784958	0.1947507750010118	8978432
136	tests/uuf100-430/uuf100-0130.cnf	false	0.167836075	0.16818932800379116	9027584
137	tests/uuf100-430/uuf100-0116.cnf	false	0.167971125	0.1737278850050643	8945664
138	tests/uuf100-430/uuf100-046.cnf	false	0.16816659	0.16862986198975705	9027584
139	tests/uuf100-430/uuf100-0759.cnf	false	0.168217079	0.16883766499813646	8949760
140	tests/uuf100-430/uuf100-0977.cnf	false	0.168226108	0.16890656999021303	8945664
141	tests/uuf100-430/uuf100-0722.cnf	false	0.168338429	0.1687582430022303	9039872
142	tests/uuf100-430/uuf100-0724.cnf	false	0.16849239	0.16884672900778241	8974336
143	tests/uuf100-430/uuf100-0961.cnf	false	0.168599181	0.16927748300076928	9019392
144	tests/uuf100-430/uuf100-0422.cnf	false	0.168891039	0.16950880200602114	9035776
145	tests/uuf100-430/uuf100-065.cnf	false	0.169382815	0.16968462699151132	8949760
146	tests/uuf100-430/uuf100-0754.cnf	false	0.169676893	0.169960215993342	8945664
147	tests/uuf100-430/uuf100-017.cnf	false	0.169688239	0.17017411299457308	9035776
148	tests/uuf100-430/uuf100-0345.cnf	false	0.169912372	0.17118236600072123	8970240
149	tests/uuf100-430/uuf100-0110.cnf	false	0.170198858	0.17054880700015929	8974336
150	tests/uuf100-430/uuf100-041.cnf	false	0.170412377	0.1707347860065056	8982528
151	tests/uuf100-430/uuf100-0427.cnf	false	0.170938927	0.17124876199522987	8982528
152	tests/uuf100-430/uuf100-0953.cnf	false	0.171127219	0.17173670200281776	9019392
153	tests/uuf100-430/uuf100-0343.cnf	false	0.17187352	0.17217032000189647	8970240
154	tests/uuf100-430/uuf100-0307.cnf	false	0.172697381	0.1734951730031753	8970240
155	tests/uuf100-430/uuf100-028.cnf	false	0.172725762	0.17314601498947013	8974336
156	tests/uuf100-430/uuf100-0317.cnf	false	0.172996478	0.17359394401137251	8990720
157	tests/uuf100-430/uuf100-0565.cnf	false	0.173158214	0.1734140659973491	9043968
158	tests/uuf100-430/uuf100-0909.cnf	false	0.173541239	0.1738655600056518	9015296
159	tests/uuf100-430/uuf100-0635.cnf	false	0.173770722	0.1745814280002378	9003008
160	tests/uuf100-430/uuf100-0232.cnf	false	0.173782676	0.17580808600177988	8998912
161	tests/uuf100-430/uuf100-0211.cnf	false	0.174012538	0.174399536990677	9015296
162	tests/uuf100-430/uuf100-0223.cnf	false	0.174200654	0.17441255300946068	9003008
163	tests/uuf100-430/uuf100-0391.cnf	false	0.174504419	0.17514285301149357	9027584
164	tests/uuf100-430/uuf100-0325.cnf	false	0.175007403	0.17547433900472242	8921088
165	tests/uuf100-430/uuf100-0284.cnf	false	0.175050529	0.1760550349863479	9015296
166	tests/uuf100-430/uuf100-029.cnf	false	0.175059714	0.17561789198953193	8994816
167	tests/uuf100-430/uuf100-0749.cnf	false	0.175312307	0.17577679600799456	9048064
168	tests/uuf100-430/uuf100-0783.cnf	false	0.175374527	0.17569698300212622	8994816
169	tests/uuf100-430/uuf100-08.cnf	false	0.175635406	0.17593269399367273	8986624
170	tests/uuf100-430/uuf100-0608.cnf	false	0.175765527	0.17618417799531016	8941568
171	tests/uuf100-430/uuf100-030.cnf	false	0.176686385	0.17711780600075144	9011200
172	tests/uuf100-430/uuf100-012.cnf	false	0.176768568	0.17740903800586239	8957952
173	tests/uuf100-430/uuf100-081.cnf	false	0.177039091	0.177417027996853	8982528
174	tests/uuf100-430/uuf100-0219.cnf	false	0.17727257	0.17855772199982312	8978432
175	tests/uuf100-430/uuf100-0936.cnf	false	0.177296107	0.17779867300123442	8974336
176	tests/uuf100-430/uuf100-0626.cnf	false	0.177357069	0.1777144009975018	9031680
177	tests/uuf100-430/uuf100-0773.cnf	false	0.177424307	0.17805413099995349	8974336
178	tests/uuf100-430/uuf100-0446.cnf	false	0.17761454	0.17796890200406779	9015296
179	tests/uuf100-430/uuf100-0847.cnf	false	0.177636622	0.18330804799916223	9019392
180	tests/uuf100-430/uuf100-0776.cnf	false	0.177672266	0.1779919419932412	8941568
181	tests/uuf100-430/uuf100-0666.cnf	false	0.178253507	0.17872981600521598	8949760
182	tests/uuf100-430/uuf100-0813.cnf	false	0.179043562	0.17930611000338104	8986624
183	tests/uuf100-430/uuf100-0740.cnf	false	0.179195573	0.17948684099246748	8982528
184	tests/uuf100-430/uuf100-0165.cnf	false	0.179227022	0.17962210699624848	9023488
185	tests/uuf100-430/uuf100-0748.cnf	false	0.179663817	0.18007025599945337	9031680
186	tests/uuf100-430/uuf100-0456.cnf	false	0.179665403	0.18027908400108572	9019392
187	tests/uuf100-430/uuf100-018.cnf	false	0.179716311	0.18003224099811632	9023488
188	tests/uuf100-430/uuf100-0822.cnf	false	0.179987485	0.18064786799368449	9015296
189	tests/uuf100-430/uuf100-0443.cnf	false	0.180029478	0.18031782400794327	9015296
190	tests/uuf100-430/uuf100-0962.cnf	false	0.180196238	0.18074275300023146	8998912
191	tests/uuf100-430/uuf100-0194.cnf	false	0.180252031	0.18059615799575113	8986624
192	tests/uuf100-430/uuf100-0239.cnf	false	0.180253316	0.18059154100774322	8941568
193	tests/uuf100-430/uuf100-0969.cnf	false	0.180298973	0.18090132799989078	8945664
194	tests/uuf100-430/uuf100-0794.cnf	false	0.180455974	0.18081039699609391	9007104
195	tests/uuf100-430/uuf100-0250.cnf	false	0.1804622	0.18082244700053707	9027584
196	tests/uuf100-430/uuf100-0162.cnf	false	0.180671273	0.18103418499231339	8945664
197	tests/uuf100-430/uuf100-0280.cnf	false	0.180874523	0.18173727400426287	9007104
198	tests/uuf100-430/uuf100-056.cnf	false	0.180889749	0.1812313010013895	8986624
199	tests/uuf100-430/uuf100-0415.cnf	false	0.180896664	0.1812044190010056	9027584
200	tests/uuf100-430/uuf100-0674.cnf	false	0.181304519	0.18193371199595276	8978432
201	tests/uuf100-430/uuf100-0387.cnf	false	0.18131334	0.18177380500128493	9023488
202	tests/uuf100-430/uuf100-0204.cnf	false	0.181610923	0.18213359201035928	8929280
203	tests/uuf100-430/uuf100-0203.cnf	false	0.181637349	0.1820340669946745	9007104
204	tests/uuf100-430/uuf100-0177.cnf	false	0.181781612	0.18225632299436256	8978432
205	tests/uuf100-430/uuf100-0736.cnf	false	0.181853839	0.1823947520024376	9023488
206	tests/uuf100-430/uuf100-044.cnf	false	0.182009406	0.18244074100221042	9031680
207	tests/uuf100-430/uuf100-0316.cnf	false	0.18201129	0.18239653200726025	9023488
208	tests/uuf100-430/uuf100-0587.cnf	false	0.182107999	0.1824583379930118	8990720
209	tests/uuf100-430/uuf100-0785.cnf	false	0.182376678	0.1826909200026421	9023488
210	tests/uuf100-430/uuf100-0399.cnf	false	0.182395954	0.18306913400010671	9031680
211	tests/uuf100-430/uuf100-082.cnf	false	0.182730848	0.18305675699957646	9035776
212	tests/uuf100-430/uuf100-0772.cnf	false	0.182783846	0.18324840899731498	9015296
213	tests/uuf100-430/uuf100-0623.cnf	false	0.183086404	0.18334136399789713	8974336
214	tests/uuf100-430/uuf100-0295.cnf	false	0.183637586	0.18455123298917897	9027584
215	tests/uuf100-430/uuf100-0938.cnf	false	0.183827813	0.18401376399560831	9019392
216	tests/uuf100-430/uuf100-0279.cnf	false	0.183917449	0.18446569400839508	9019392
217	tests/uuf100-430/uuf100-0274.cnf	false	0.184153681	0.18458163100876845	9023488
218	tests/uuf100-430/uuf100-0777.cnf	false	0.184157353	0.18491954500495922	9019392
219	tests/uuf100-430/uuf100-0750.cnf	false	0.184221048	0.18457654300436843	8990720
220	tests/uuf100-430/uuf100-0414.cnf	false	0.184350482	0.18463086300471332	8957952
221	tests/uuf100-430/uuf100-0844.cnf	false	0.184922654	0.18557224101095926	8994816
222	tests/uuf100-430/uuf100-0489.cnf	false	0.185003054	0.18534152398933657	9023488
223	tests/uuf100-430/uuf100-0669.cnf	false	0.185247686	0.185672676001559	9007104
224	tests/uuf100-430/uuf100-0782.cnf	false	0.185318605	0.1858415269962279	9015296
225	tests/uuf100-430/uuf100-0144.cnf	false	0.185564006	0.1860360520076938	8994816
226	tests/uuf100-430/uuf100-0840.cnf	false	0.18563007	0.18598159600514919	9031680
227	tests/uuf100-430/uuf100-0153.cnf	false	0.185780628	0.1860946039960254	9011200
228	tests/uuf100-430/uuf100-035.cnf	false	0.185908784	0.1862482110009296	9023488
229	tests/uuf100-430/uuf100-0850.cnf	false	0.185936167	0.18632093000633176	8998912
230	tests/uuf100-430/uuf100-0787.cnf	false	0.186026457	0.18636022800637875	8982528
231	tests/uuf100-430/uuf100-0721.cnf	false	0.186173487	0.1865017919917591	9048064
232	tests/uuf100-430/uuf100-0369.cnf	false	0.186814803	0.1874895259970799	9019392
233	tests/uuf100-430/uuf100-0990.cnf	false	0.186878679	0.18730501999380067	8945664
234	tests/uuf100-430/uuf100-0305.cnf	false	0.187126065	0.18794603600690607	8998912
235	tests/uuf100-430/uuf100-0529.cnf	false	0.187356491	0.18768552599067334	8982528
236	tests/uuf100-430/uuf100-0436.cnf	false	0.187512261	0.1882662940042792	9039872
237	tests/uuf100-430/uuf100-0778.cnf	false	0.188048634	0.18861856499279384	9023488
238	tests/uuf100-430/uuf100-0237.cnf	false	0.18817593	0.18841234099818394	9023488
239	tests/uuf100-430/uuf100-0762.cnf	false	0.188282322	0.1889972850040067	9027584
240	tests/uuf100-430/uuf100-0769.cnf	false	0.188440203	0.18877688399516046	9019392
241	tests/uuf100-430/uuf100-0448.cnf	false	0.188486221	0.18891861398878973	9043968
242	tests/uuf100-430/uuf100-0651.cnf	false	0.189019969	0.18980110800475813	8949760
243	tests/uuf100-430/uuf100-0122.cnf	false	0.189514145	0.18989440400036983	9003008
244	tests/uuf100-430/uuf100-0174.cnf	false	0.190055397	0.1910962360125268	8978432
245	tests/uuf100-430/uuf100-0262.cnf	false	0.190290945	0.19059406500309706	8978432
246	tests/uuf100-430/uuf100-0929.cnf	false	0.190364132	0.19105168100213632	8933376
247	tests/uuf100-430/uuf100-0552.cnf	false	0.19038755	0.190654384001391	8982528
248	tests/uuf100-430/uuf100-0197.cnf	false	0.190396586	0.19074806799471844	9048064
249	tests/uuf100-430/uuf100-0242.cnf	false	0.190405054	0.1908710260031512	9039872
250	tests/uuf100-430/uuf100-0908.cnf	false	0.190413691	0.1907657499978086	9043968
251	tests/uuf100-430/uuf100-0286.cnf	false	0.190548528	0.19110325000656303	8978432
252	tests/uuf100-430/uuf100-0588.cnf	false	0.190562272	0.19105628799297847	8994816
253	tests/uuf100-430/uuf100-0464.cnf	false	0.191153368	0.19146179599920288	8953856
254	tests/uuf100-430/uuf100-0914.cnf	false	0.191220614	0.19157642299251165	9019392
255	tests/uuf100-430/uuf100-0821.cnf	false	0.191258854	0.1921179319906514	8945664
256	tests/uuf100-430/uuf100-0182.cnf	false	0.191383025	0.19223066499398556	8941568
257	tests/uuf100-430/uuf100-0928.cnf	false	0.191659523	0.19202781000058167	8945664
258	tests/uuf100-430/uuf100-0476.cnf	false	0.191822558	0.1920985489996383	9011200
259	tests/uuf100-430/uuf100-049.cnf	false	0.191879592	0.1924611120048212	9027584
260	tests/uuf100-430/uuf100-0100.cnf	false	0.1919084	0.19234233499446418	8941568
261	tests/uuf100-430/uuf100-0667.cnf	false	0.191935956	0.19250619299418759	8994816
262	tests/uuf100-430/uuf100-0904.cnf	false	0.192338331	0.19300101599947084	8970240
263	tests/uuf100-430/uuf100-0462.cnf	false	0.192630842	0.19295206099923234	8982528
264	tests/uuf100-430/uuf100-0691.cnf	false	0.192790837	0.19342661800328642	8986624
265	tests/uuf100-430/uuf100-0699.cnf	false	0.192921963	0.19368725801177789	8986624
266	tests/uuf100-430/uuf100-0147.cnf	false	0.193119801	0.19346866400155704	9023488
267	tests/uuf100-430/uuf100-0359.cnf	false	0.193368528	0.19370865500241052	8990720
268	tests/uuf100-430/uuf100-0235.cnf	false	0.193396993	0.1937607760046376	9039872
269	tests/uuf100-430/uuf100-0838.cnf	false	0.19364342	0.19424541499756742	8998912
270	tests/uuf100-430/uuf100-0551.cnf	false	0.193985146	0.19457578100264072	9011200
271	tests/uuf100-430/uuf100-0925.cnf	false	0.194056396	0.1943542230001185	8974336
272	tests/uuf100-430/uuf100-0468.cnf	false	0.194068774	0.19498004599881824	8970240
273	tests/uuf100-430/uuf100-0891.cnf	false	0.19416385	0.19519979199685622	9035776
274	tests/uuf100-430/uuf100-01.cnf	false	0.194773246	0.19588027099962346	8998912
275	tests/uuf100-430/uuf100-0273.cnf	false	0.195030175	0.19537048701022286	8945664
276	tests/uuf100-430/uuf100-0704.cnf	false	0.195074603	0.19533805600076448	9027584
277	tests/uuf100-430/uuf100-0260.cnf	false	0.195145869	0.19555747299455106	9031680
278	tests/uuf100-430/uuf100-0461.cnf	false	0.195190113	0.19561629900999833	8990720
279	tests/uuf100-430/uuf100-0497.cnf	false	0.195352949	0.19629867500043474	9019392
280	tests/uuf100-430/uuf100-0459.cnf	false	0.195437072	0.19592702398949768	8945664
281	tests/uuf100-430/uuf100-0686.cnf	false	0.195475831	0.19589972001267597	9031680
282	tests/uuf100-430/uuf100-0240.cnf	false	0.195508245	0.1958253190096002	8978432
283	tests/uuf100-430/uuf100-0645.cnf	false	0.195564625	0.19628789299167693	9043968
284	tests/uuf100-430/uuf100-0135.cnf	false	0.195701479	0.19594368801335804	9027584
285	tests/uuf100-430/uuf100-0176.cnf	false	0.195830227	0.1964086249936372	9015296
286	tests/uuf100-430/uuf100-0361.cnf	false	0.195832897	0.1963575720001245	9031680
287	tests/uuf100-430/uuf100-0288.cnf	false	0.195878383	0.19619352000881918	8982528
288	tests/uuf100-430/uuf100-0428.cnf	false	0.196013664	0.19667522200325038	8949760
289	tests/uuf100-430/uuf100-0833.cnf	false	0.196059277	0.19637171599606518	9039872
290	tests/uuf100-430/uuf100-0924.cnf	false	0.196074289	0.19646905901026912	9015296
291	tests/uuf100-430/uuf100-0568.cnf	false	0.19623678	0.19676123499812093	9015296
292	tests/uuf100-430/uuf100-0791.cnf	false	0.196311144	0.19754829400335439	8982528
293	tests/uuf100-430/uuf100-0152.cnf	false	0.196508468	0.19856809498742223	8990720
294	tests/uuf100-430/uuf100-0947.cnf	false	0.196771342	0.19711405799898785	9011200
295	tests/uuf100-430/uuf100-0590.cnf	false	0.196888767	0.19745181300095282	9027584
296	tests/uuf100-430/uuf100-0986.cnf	false	0.196907328	0.19727724700351246	8933376
297	tests/uuf100-430/uuf100-0701.cnf	false	0.196972584	0.1975384329998633	8986624
298	tests/uuf100-430/uuf100-0931.cnf	false	0.197083663	0.19741451099980623	8982528
299	tests/uuf100-430/uuf100-0901.cnf	false	0.19730853	0.19788752098975237	9039872
300	tests/uuf100-430/uuf100-0694.cnf	false	0.197413551	0.19809697500022594	8966144
301	tests/uuf100-430/uuf100-0625.cnf	false	0.197507979	0.19786381001176778	8937472
302	tests/uuf100-430/uuf100-0528.cnf	false	0.197768588	0.19802811500267126	9023488
303	tests/uuf100-430/uuf100-0848.cnf	false	0.197862339	0.19811143800325226	8949760
304	tests/uuf100-430/uuf100-0655.cnf	false	0.198033578	0.19891070999437943	9056256
305	tests/uuf100-430/uuf100-0449.cnf	false	0.19808858	0.19860457800677978	9027584
306	tests/uuf100-430/uuf100-0390.cnf	false	0.198329868	0.19878469599643722	8966144
307	tests/uuf100-430/uuf100-0332.cnf	false	0.198623945	0.19894718298746739	9027584
308	tests/uuf100-430/uuf100-043.cnf	false	0.199001205	0.19926393299829215	8994816
309	tests/uuf100-430/uuf100-0632.cnf	false	0.199075177	0.19979345001047477	8941568
310	tests/uuf100-430/uuf100-0761.cnf	false	0.199083683	0.1993362790090032	9027584
311	tests/uuf100-430/uuf100-0419.cnf	false	0.199134496	0.1995067260140786	9056256
312	tests/uuf100-430/uuf100-0439.cnf	false	0.199458074	0.2000423699937528	9015296
313	tests/uuf100-430/uuf100-0276.cnf	false	0.199497538	0.20011181599693373	9015296
314	tests/uuf100-430/uuf100-058.cnf	false	0.199522924	0.20041329599916935	8941568
315	tests/uuf100-430/uuf100-0125.cnf	false	0.199665155	0.2000822169939056	9023488
316	tests/uuf100-430/uuf100-088.cnf	false	0.199720334	0.20010646399168763	8949760
317	tests/uuf100-430/uuf100-0910.cnf	false	0.200242481	0.20055597300233785	9007104
318	tests/uuf100-430/uuf100-0877.cnf	false	0.200351071	0.2008069559960859	8994816
319	tests/uuf100-430/uuf100-0199.cnf	false	0.200398316	0.20093196499510668	8986624
320	tests/uuf100-430/uuf100-0970.cnf	false	0.200425091	0.20120022099581547	9015296
321	tests/uuf100-430/uuf100-0338.cnf	false	0.200585012	0.20088060401030816	8962048
322	tests/uuf100-430/uuf100-0983.cnf	false	0.200698494	0.20106493099592626	9003008
323	tests/uuf100-430/uuf100-0401.cnf	false	0.200761604	0.20112277500447817	9031680
324	tests/uuf100-430/uuf100-0477.cnf	false	0.200784695	0.20141983999928925	8990720
325	tests/uuf100-430/uuf100-0124.cnf	false	0.200787347	0.2013519980100682	8986624
326	tests/uuf100-430/uuf100-072.cnf	false	0.200790954	0.20161674899281934	9011200
327	tests/uuf100-430/uuf100-0256.cnf	false	0.200802828	0.2121399180032313	8998912
328	tests/uuf100-430/uuf100-0582.cnf	false	0.200838467	0.2015245989896357	8970240
329	tests/uuf100-430/uuf100-0374.cnf	false	0.200937622	0.20133584800350945	9011200
330	tests/uuf100-430/uuf100-0956.cnf	false	0.200999315	0.2014372289995663	9015296
331	tests/uuf100-430/uuf100-0765.cnf	false	0.201120811	0.20140088300104253	8974336
332	tests/uuf100-430/uuf100-0907.cnf	false	0.20125634	0.20154454500880092	9011200
333	tests/uuf100-430/uuf100-0919.cnf	false	0.20164717	0.20191536701167934	9019392
334	tests/uuf100-430/uuf100-0775.cnf	false	0.201666229	0.20242578399484046	9039872
335	tests/uuf100-430/uuf100-0930.cnf	false	0.202168241	0.2026039220072562	8998912
336	tests/uuf100-430/uuf100-0229.cnf	false	0.20225277	0.20301789499353617	8962048
337	tests/uuf100-430/uuf100-0756.cnf	false	0.202390973	0.20267534100275952	9035776
338	tests/uuf100-430/uuf100-0945.cnf	false	0.202423072	0.20295267300389241	8953856
339	tests/uuf100-430/uuf100-0268.cnf	false	0.202592115	0.20284764800453559	9027584
340	tests/uuf100-430/uuf100-0964.cnf	false	0.202982354	0.20372874299937394	9011200
341	tests/uuf100-430/uuf100-01000.cnf	false	0.203183836	0.20376448299793992	8990720
342	tests/uuf100-430/uuf100-060.cnf	false	0.203212882	0.20385578500281554	8978432
343	tests/uuf100-430/uuf100-014.cnf	false	0.203213999	0.2038316389953252	8937472
344	tests/uuf100-430/uuf100-034.cnf	false	0.203332535	0.20369020399812143	8970240
345	tests/uuf100-430/uuf100-0181.cnf	false	0.203439613	0.20384447000105865	9023488
346	tests/uuf100-430/uuf100-019.cnf	false	0.20372247	0.20403466100106016	8941568
347	tests/uuf100-430/uuf100-0435.cnf	false	0.203801506	0.20443768899713177	9007104
348	tests/uuf100-430/uuf100-0546.cnf	false	0.203838299	0.20438795701193158	8953856
349	tests/uuf100-430/uuf100-0628.cnf	false	0.203886628	0.20429380299174227	9007104
350	tests/uuf100-430/uuf100-0382.cnf	false	0.203909252	0.20445783299510367	9015296
351	tests/uuf100-430/uuf100-013.cnf	false	0.203963351	0.2043035270035034	8994816
352	tests/uuf100-430/uuf100-0340.cnf	false	0.204082069	0.20459905499592423	8994816
353	tests/uuf100-430/uuf100-0718.cnf	false	0.204086633	0.20437178001157008	8974336
354	tests/uuf100-430/uuf100-078.cnf	false	0.204178281	0.2044926079979632	8933376
355	tests/uuf100-430/uuf100-0360.cnf	false	0.204188058	0.20462192500417586	9052160
356	tests/uuf100-430/uuf100-0113.cnf	false	0.204196487	0.20449572100187652	8982528
357	tests/uuf100-430/uuf100-022.cnf	false	0.204264997	0.20461727801011875	8941568
358	tests/uuf100-430/uuf100-0251.cnf	false	0.20429591	0.20469835499534383	8945664
359	tests/uuf100-430/uuf100-0407.cnf	false	0.204328431	0.20455578000110108	8970240
360	tests/uuf100-430/uuf100-0808.cnf	false	0.204465066	0.2053445180063136	8978432
361	tests/uuf100-430/uuf100-0898.cnf	false	0.204509697	0.20489450001332443	8986624
362	tests/uuf100-430/uuf100-0605.cnf	false	0.204806795	0.20521811899379827	8990720
363	tests/uuf100-430/uuf100-0389.cnf	false	0.204946822	0.20545629400294274	9011200
364	tests/uuf100-430/uuf100-0183.cnf	false	0.20496026	0.20548533700639382	9011200
365	tests/uuf100-430/uuf100-0217.cnf	false	0.205347955	0.20560835300420877	9023488
366	tests/uuf100-430/uuf100-0430.cnf	false	0.205348965	0.20571075900807045	9003008
367	tests/uuf100-430/uuf100-0471.cnf	false	0.20545367	0.20603748501162045	9035776
368	tests/uuf100-430/uuf100-0916.cnf	false	0.205524638	0.2058407190052094	8937472
369	tests/uuf100-430/uuf100-0786.cnf	false	0.205775746	0.2064416130015161	9023488
370	tests/uuf100-430/uuf100-0921.cnf	false	0.205811804	0.20619451699894853	8953856
371	tests/uuf100-430/uuf100-0271.cnf	false	0.205814052	0.20636596299300436	9035776
372	tests/uuf100-430/uuf100-0344.cnf	false	0.205902472	0.20623385900398716	8970240
373	tests/uuf100-430/uuf100-0966.cnf	false	0.20611644	0.20639976899838075	9019392
374	tests/uuf100-430/uuf100-0196.cnf	false	0.20611841	0.20637061500747222	9023488
375	tests/uuf100-430/uuf100-0596.cnf	false	0.206140816	0.20656195499759633	8962048
376	tests/uuf100-430/uuf100-0619.cnf	false	0.206290375	0.20663602300919592	8982528
377	tests/uuf100-430/uuf100-0411.cnf	false	0.206435245	0.20708960898627993	9015296
378	tests/uuf100-430/uuf100-0834.cnf	false	0.206443398	0.20674346899613738	9015296
379	tests/uuf100-430/uuf100-0621.cnf	false	0.206454553	0.20709044201066718	8949760
380	tests/uuf100-430/uuf100-0826.cnf	false	0.207034054	0.20789962100388948	8957952
381	tests/uuf100-430/uuf100-092.cnf	false	0.207037249	0.20775027100171428	9027584
382	tests/uuf100-430/uuf100-0965.cnf	false	0.207169781	0.20789131200581323	8966144
383	tests/uuf100-430/uuf100-0599.cnf	false	0.207265198	0.2080572279955959	9035776
384	tests/uuf100-430/uuf100-0272.cnf	false	0.207900201	0.20840560700162314	8937472
385	tests/uuf100-430/uuf100-0647.cnf	false	0.208829054	0.20926712900109123	8957952
386	tests/uuf100-430/uuf100-0230.cnf	false	0.209056139	0.2094688670040341	9003008
387	tests/uuf100-430/uuf100-0134.cnf	false	0.209370046	0.21573306299978867	8994816
388	tests/uuf100-430/uuf100-0543.cnf	false	0.209380151	0.20961320299829822	8986624
389	tests/uuf100-430/uuf100-0166.cnf	false	0.209599167	0.20994285799679346	8957952
390	tests/uuf100-430/uuf100-0469.cnf	false	0.210078771	0.21053441798721906	8929280
391	tests/uuf100-430/uuf100-0610.cnf	false	0.210382837	0.21079713699873537	9027584
392	tests/uuf100-430/uuf100-0513.cnf	false	0.211016385	0.21126694000849966	9027584
393	tests/uuf100-430/uuf100-0532.cnf	false	0.211051531	0.21142189599049743	9019392
394	tests/uuf100-430/uuf100-0741.cnf	false	0.211165396	0.2117407369951252	9023488
395	tests/uuf100-430/uuf100-0480.cnf	false	0.211215482	0.21180920201004483	8974336
396	tests/uuf100-430/uuf100-0136.cnf	false	0.211516382	0.21189796400722116	8941568
397	tests/uuf100-430/uuf100-0841.cnf	false	0.211825752	0.22089965500344988	8945664
398	tests/uuf100-430/uuf100-0578.cnf	false	0.21184805	0.2121726619952824	9023488
399	tests/uuf100-430/uuf100-0867.cnf	false	0.211883824	0.21221095099463128	9019392
400	tests/uuf100-430/uuf100-0676.cnf	false	0.21188431	0.21231874500517733	9015296
401	tests/uuf100-430/uuf100-0755.cnf	false	0.211893839	0.21260382499895059	9003008
402	tests/uuf100-430/uuf100-083.cnf	false	0.212174342	0.21240398100053426	9043968
403	tests/uuf100-430/uuf100-0815.cnf	false	0.212331273	0.21667151599831413	8978432
404	tests/uuf100-430/uuf100-0633.cnf	false	0.212461667	0.2130812910036184	9019392
405	tests/uuf100-430/uuf100-0805.cnf	false	0.212514292	0.21291986499272753	8986624
406	tests/uuf100-430/uuf100-0810.cnf	false	0.212530128	0.21293957199668512	8949760
407	tests/uuf100-430/uuf100-0580.cnf	false	0.212578724	0.21304947300814092	9015296
408	tests/uuf100-430/uuf100-0313.cnf	false	0.212928916	0.21332499000709504	8945664
409	tests/uuf100-430/uuf100-0671.cnf	false	0.212957364	0.21362112399947364	8966144
410	tests/uuf100-430/uuf100-0638.cnf	false	0.213190954	0.21377866000693757	8978432
411	tests/uuf100-430/uuf100-0692.cnf	false	0.2137338	0.21414007199928164	8974336
412	tests/uuf100-430/uuf100-0114.cnf	false	0.213811851	0.21442245598882437	9015296
413	tests/uuf100-430/uuf100-0277.cnf	false	0.213858606	0.21419720600533765	9023488
414	tests/uuf100-430/uuf100-0337.cnf	false	0.213894239	0.21430719199997839	8937472
415	tests/uuf100-430/uuf100-0918.cnf	false	0.213909109	0.21429904499382246	9027584
416	tests/uuf100-430/uuf100-0392.cnf	false	0.214034907	0.2145829969958868	9031680
417	tests/uuf100-430/uuf100-0362.cnf	false	0.21405195	0.21439036799711175	9023488
418	tests/uuf100-430/uuf100-0408.cnf	false	0.214164563	0.21463725899229757	8978432
419	tests/uuf100-430/uuf100-0820.cnf	false	0.214175103	0.2144673930015415	8990720
420	tests/uuf100-430/uuf100-0689.cnf	false	0.214491572	0.21488479599065613	9015296
421	tests/uuf100-430/uuf100-0106.cnf	false	0.214721423	0.21515652399102692	9011200
422	tests/uuf100-430/uuf100-0516.cnf	false	0.214868031	0.21520762000000104	8945664
423	tests/uuf100-430/uuf100-0997.cnf	false	0.215066529	0.21534802399401087	8978432
424	tests/uuf100-430/uuf100-0711.cnf	false	0.215270566	0.21561218300485052	9027584
425	tests/uuf100-430/uuf100-0943.cnf	false	0.215802721	0.21618889000092167	9035776
426	tests/uuf100-430/uuf100-0949.cnf	false	0.215816241	0.21616523100237828	9023488
427	tests/uuf100-430/uuf100-0828.cnf	false	0.215977805	0.21625923200917896	8998912
428	tests/uuf100-430/uuf100-0159.cnf	false	0.216097388	0.21638737501052674	8962048
429	tests/uuf100-430/uuf100-0920.cnf	false	0.216209403	0.21659007199923508	9027584
430	tests/uuf100-430/uuf100-0827.cnf	false	0.216321684	0.21687792398734018	8974336
431	tests/uuf100-430/uuf100-0550.cnf	false	0.21651885	0.21713367900520097	8994816
432	tests/uuf100-430/uuf100-0744.cnf	false	0.216710781	0.21699567598989233	8949760
433	tests/uuf100-430/uuf100-0886.cnf	false	0.216881042	0.2173828439990757	9007104
434	tests/uuf100-430/uuf100-0425.cnf	false	0.216965389	0.21725520100153517	8962048
435	tests/uuf100-430/uuf100-0431.cnf	false	0.217029522	0.21733503200812265	9031680
436	tests/uuf100-430/uuf100-0320.cnf	false	0.217395591	0.24405233799188863	9015296
437	tests/uuf100-430/uuf100-059.cnf	false	0.21754353	0.21790978100034408	9003008
438	tests/uuf100-430/uuf100-0184.cnf	false	0.217870061	0.21848579800280277	8966144
439	tests/uuf100-430/uuf100-0354.cnf	false	0.218217927	0.21962005499517545	9011200
440	tests/uuf100-430/uuf100-0629.cnf	false	0.218532228	0.21884052699897438	8929280
441	tests/uuf100-430/uuf100-0598.cnf	false	0.219206776	0.22064653399866074	9007104
442	tests/uuf100-430/uuf100-0745.cnf	false	0.219278788	0.22283041400078218	9031680
443	tests/uuf100-430/uuf100-0579.cnf	false	0.219466052	0.2197906640067231	9011200
444	tests/uuf100-430/uuf100-0512.cnf	false	0.219525408	0.22017762799805496	8978432
445	tests/uuf100-430/uuf100-066.cnf	false	0.219657694	0.21997196100710426	8978432
446	tests/uuf100-430/uuf100-0525.cnf	false	0.21966406	0.2201518079964444	8945664
447	tests/uuf100-430/uuf100-0329.cnf	false	0.220391592	0.22070505100418814	8945664
448	tests/uuf100-430/uuf100-0429.cnf	false	0.220450882	0.22104942800069693	8966144
449	tests/uuf100-430/uuf100-0577.cnf	false	0.220523384	0.2208584299951326	8941568
450	tests/uuf100-430/uuf100-0263.cnf	false	0.220772409	0.22134726800140925	8937472
451	tests/uuf100-430/uuf100-0492.cnf	false	0.22085256	0.22394856699975207	8941568
452	tests/uuf100-430/uuf100-094.cnf	false	0.221207009	0.22171564199379645	8945664
453	tests/uuf100-430/uuf100-0640.cnf	false	0.221212895	0.22154108999529853	8990720
454	tests/uuf100-430/uuf100-0648.cnf	false	0.221314829	0.22180308599490672	9039872
455	tests/uuf100-430/uuf100-0642.cnf	false	0.221479102	0.22199879700201564	9023488
456	tests/uuf100-430/uuf100-0383.cnf	false	0.221702458	0.22204333799891174	8962048
457	tests/uuf100-430/uuf100-0375.cnf	false	0.221774024	0.22243667699513026	8962048
458	tests/uuf100-430/uuf100-0472.cnf	false	0.22212353	0.22266005400160793	8970240
459	tests/uuf100-430/uuf100-0403.cnf	false	0.222794168	0.22306083000148647	8941568
460	tests/uuf100-430/uuf100-0351.cnf	false	0.222905983	0.22327068900631275	8937472
461	tests/uuf100-430/uuf100-07.cnf	false	0.222961923	0.2233061849983642	9019392
462	tests/uuf100-430/uuf100-0963.cnf	false	0.223136143	0.2235591250064317	8974336
463	tests/uuf100-430/uuf100-0594.cnf	false	0.223312998	0.22400766299688257	8998912
464	tests/uuf100-430/uuf100-0870.cnf	false	0.223377378	0.22381530399434268	8933376
465	tests/uuf100-430/uuf100-0979.cnf	false	0.223637121	0.22405339300166816	8937472
466	tests/uuf100-430/uuf100-0453.cnf	false	0.224123356	0.2246752299979562	9019392
467	tests/uuf100-430/uuf100-0496.cnf	false	0.224180782	0.22472434501105454	9015296
468	tests/uuf100-430/uuf100-0386.cnf	false	0.224211967	0.22488476301077753	9023488
469	tests/uuf100-430/uuf100-0768.cnf	false	0.224224225	0.224686980000115	8994816
470	tests/uuf100-430/uuf100-0575.cnf	false	0.224278933	0.22513695899397135	8941568
471	tests/uuf100-430/uuf100-02.cnf	false	0.224776213	0.22513818700099364	8966144
472	tests/uuf100-430/uuf100-0150.cnf	false	0.22498803	0.22538216000248212	9035776
473	tests/uuf100-430/uuf100-0985.cnf	false	0.225073714	0.22540405600739177	9023488
474	tests/uuf100-430/uuf100-0261.cnf	false	0.225200517	0.22556078601337504	8953856
475	tests/uuf100-430/uuf100-0876.cnf	false	0.225348383	0.2256776330032153	8953856
476	tests/uuf100-430/uuf100-0424.cnf	false	0.225509341	0.22589791301288642	8978432
477	tests/uuf100-430/uuf100-0998.cnf	false	0.225533753	0.22591599100269377	8945664
478	tests/uuf100-430/uuf100-0412.cnf	false	0.225671554	0.22628926399920601	9023488
479	tests/uuf100-430/uuf100-0247.cnf	false	0.225680102	0.22591054999793414	8945664
480	tests/uuf100-430/uuf100-0743.cnf	false	0.225834441	0.22648245099117048	9007104
481	tests/uuf100-430/uuf100-0236.cnf	false	0.226504933	0.22705220499483403	9023488
482	tests/uuf100-430/uuf100-0980.cnf	false	0.226579013	0.22687545299413614	9019392
483	tests/uuf100-430/uuf100-0581.cnf	false	0.226604884	0.22730922199843917	8941568
484	tests/uuf100-430/uuf100-0533.cnf	false	0.226725906	0.2275178669951856	9023488
485	tests/uuf100-430/uuf100-0811.cnf	false	0.227041502	0.22732226199877914	8970240
486	tests/uuf100-430/uuf100-0154.cnf	false	0.227089655	0.227675400004955	8937472
487	tests/uuf100-430/uuf100-0475.cnf	false	0.227116267	0.22780432399304118	8949760
488	tests/uuf100-430/uuf100-050.cnf	false	0.227143322	0.2274293009977555	8970240
489	tests/uuf100-430/uuf100-0606.cnf	false	0.227233989	0.2277812480024295	9023488
490	tests/uuf100-430/uuf100-0548.cnf	false	0.227256299	0.22767488899989985	9043968
491	tests/uuf100-430/uuf100-0479.cnf	false	0.227366352	0.22782831599761266	8933376
492	tests/uuf100-430/uuf100-031.cnf	false	0.227708267	0.22806077300629113	8953856
493	tests/uuf100-430/uuf100-0883.cnf	false	0.227879914	0.22816176600463223	8941568
494	tests/uuf100-430/uuf100-053.cnf	false	0.22796506	0.22826941699895542	8937472
495	tests/uuf100-430/uuf100-0700.cnf	false	0.227967474	0.22828329299227335	8962048
496	tests/uuf100-430/uuf100-0733.cnf	false	0.228514388	0.2293980310059851	9035776
497	tests/uuf100-430/uuf100-0246.cnf	false	0.228782988	0.2291594079870265	8994816
498	tests/uuf100-430/uuf100-0503.cnf	false	0.228893152	0.2292299029941205	9011200
499	tests/uuf100-430/uuf100-0474.cnf	false	0.228979685	0.229404310011887	9003008
500	tests/uuf100-430/uuf100-05.cnf	false	0.229277756	0.22996831900672987	9031680
501	tests/uuf100-430/uuf100-0437.cnf	false	0.229326959	0.22980542200093623	8929280
502	tests/uuf100-430/uuf100-0410.cnf	false	0.229620106	0.2299206489988137	9007104
503	tests/uuf100-430/uuf100-0155.cnf	false	0.229750295	0.23027839700807817	8941568
504	tests/uuf100-430/uuf100-0981.cnf	false	0.229758994	0.23054571700049564	8994816
505	tests/uuf100-430/uuf100-0803.cnf	false	0.229932841	0.23035620301379822	9003008
506	tests/uuf100-430/uuf100-038.cnf	false	0.229978515	0.2304200530052185	8945664
507	tests/uuf100-430/uuf100-0215.cnf	false	0.230257633	0.23082514500129037	8929280
508	tests/uuf100-430/uuf100-0972.cnf	false	0.230269869	0.23062803900393192	9043968
509	tests/uuf100-430/uuf100-0951.cnf	false	0.230369685	0.2308144929993432	9019392
510	tests/uuf100-430/uuf100-0863.cnf	false	0.230618092	0.2309084340085974	9027584
511	tests/uuf100-430/uuf100-0553.cnf	false	0.230789237	0.2314303319872124	8998912
512	tests/uuf100-430/uuf100-077.cnf	false	0.231302048	0.2315874320047442	8974336
513	tests/uuf100-430/uuf100-0149.cnf	false	0.231778694	0.2322943899926031	8970240
514	tests/uuf100-430/uuf100-0684.cnf	false	0.231784252	0.2321810919966083	9048064
515	tests/uuf100-430/uuf100-0213.cnf	false	0.231872884	0.2322358789970167	8986624
516	tests/uuf100-430/uuf100-0554.cnf	false	0.231888354	0.23251486600202043	8982528
517	tests/uuf100-430/uuf100-0816.cnf	false	0.231907083	0.23227068399137352	8978432
518	tests/uuf100-430/uuf100-0142.cnf	false	0.232428752	0.23321250200388022	9003008
519	tests/uuf100-430/uuf100-0105.cnf	false	0.232615883	0.2330642680026358	8974336
520	tests/uuf100-430/uuf100-0954.cnf	false	0.232700668	0.23314646299695596	8990720
521	tests/uuf100-430/uuf100-026.cnf	false	0.23290446	0.233281516993884	8945664
522	tests/uuf100-430/uuf100-0243.cnf	false	0.233160526	0.23493903799680993	9027584
523	tests/uuf100-430/uuf100-0708.cnf	false	0.233779279	0.24143739900318906	9043968
524	tests/uuf100-430/uuf100-0603.cnf	false	0.233953304	0.23428859299747273	8962048
525	tests/uuf100-430/uuf100-0253.cnf	false	0.234070168	0.23482841800432652	9003008
526	tests/uuf100-430/uuf100-0618.cnf	false	0.234496787	0.2348149769968586	8966144
527	tests/uuf100-430/uuf100-0714.cnf	false	0.23453041	0.2349502750003012	9023488
528	tests/uuf100-430/uuf100-0814.cnf	false	0.23486661	0.23552276700502262	9027584
529	tests/uuf100-430/uuf100-0526.cnf	false	0.235190525	0.23584535000554752	9035776
530	tests/uuf100-430/uuf100-0566.cnf	false	0.235381836	0.23555047500121873	8998912
531	tests/uuf100-430/uuf100-0309.cnf	false	0.235478099	0.2363043949881103	8990720
532	tests/uuf100-430/uuf100-0657.cnf	false	0.236767935	0.23734234900621232	8949760
533	tests/uuf100-430/uuf100-0627.cnf	false	0.236769575	0.23702742000750732	9003008
534	tests/uuf100-430/uuf100-0179.cnf	false	0.237262038	0.23793680001108442	8957952
535	tests/uuf100-430/uuf100-0126.cnf	false	0.237403714	0.23780406000150833	9043968
536	tests/uuf100-430/uuf100-0108.cnf	false	0.237536739	0.2378747439943254	8974336
537	tests/uuf100-430/uuf100-0561.cnf	false	0.237540433	0.23839292499178555	9035776
538	tests/uuf100-430/uuf100-0141.cnf	false	0.237599509	0.23800260000280105	9031680
539	tests/uuf100-430/uuf100-0567.cnf	false	0.237606295	0.23802482499741018	9019392
540	tests/uuf100-430/uuf100-0780.cnf	false	0.237634097	0.2380561210011365	9027584
541	tests/uuf100-430/uuf100-0801.cnf	false	0.237991613	0.23826092499075457	9035776
542	tests/uuf100-430/uuf100-0661.cnf	false	0.238045083	0.23841263800568413	8937472
543	tests/uuf100-430/uuf100-0450.cnf	false	0.238280671	0.23850374600442592	9043968
544	tests/uuf100-430/uuf100-0377.cnf	false	0.23841483	0.2387901779875392	8957952
545	tests/uuf100-430/uuf100-0540.cnf	false	0.238569047	0.2388358840107685	9035776
546	tests/uuf100-430/uuf100-062.cnf	false	0.238661959	0.2452897879993543	9023488
547	tests/uuf100-430/uuf100-0355.cnf	false	0.238859949	0.23914678000437561	9035776
548	tests/uuf100-430/uuf100-0830.cnf	false	0.238904819	0.23916062799980864	8974336
549	tests/uuf100-430/uuf100-0912.cnf	false	0.239746972	0.24023073600255884	9023488
550	tests/uuf100-430/uuf100-0715.cnf	false	0.239925166	0.24021387500397395	8974336
551	tests/uuf100-430/uuf100-0559.cnf	false	0.240088425	0.2404643570043845	9015296
552	tests/uuf100-430/uuf100-0119.cnf	false	0.240118795	0.24073547699663322	9043968
553	tests/uuf100-430/uuf100-090.cnf	false	0.240360469	0.24088792600377928	8994816
554	tests/uuf100-430/uuf100-0804.cnf	false	0.240448093	0.24088857999595348	9043968
555	tests/uuf100-430/uuf100-0158.cnf	false	0.240728114	0.24141855000925716	8990720
556	tests/uuf100-430/uuf100-0349.cnf	false	0.241020973	0.24152051199052949	9035776
557	tests/uuf100-430/uuf100-0445.cnf	false	0.24117016	0.24145149100513663	9019392
558	tests/uuf100-430/uuf100-0770.cnf	false	0.24130474	0.24170254600176122	9023488
559	tests/uuf100-430/uuf100-0955.cnf	false	0.241316761	0.2416757390019484	9019392
560	tests/uuf100-430/uuf100-0506.cnf	false	0.2414506	0.24169796300702728	9023488
561	tests/uuf100-430/uuf100-0611.cnf	false	0.241493104	0.2417628099938156	9019392
562	tests/uuf100-430/uuf100-0906.cnf	false	0.241622018	0.2418576030031545	9052160
563	tests/uuf100-430/uuf100-0252.cnf	false	0.241812377	0.24210159700305667	9023488
564	tests/uuf100-430/uuf100-0940.cnf	false	0.241834291	0.24216890799289104	9052160
565	tests/uuf100-430/uuf100-0210.cnf	false	0.241970305	0.2422345060040243	8941568
566	tests/uuf100-430/uuf100-0482.cnf	false	0.242041278	0.2424768210039474	9052160
567	tests/uuf100-430/uuf100-040.cnf	false	0.242193539	0.2424686590093188	9023488
568	tests/uuf100-430/uuf100-0380.cnf	false	0.242224524	0.25348398998903576	9007104
569	tests/uuf100-430/uuf100-0882.cnf	false	0.242236752	0.24266641298891045	8978432
570	tests/uuf100-430/uuf100-0946.cnf	false	0.242298436	0.2428994630026864	8986624
571	tests/uuf100-430/uuf100-0868.cnf	false	0.242303445	0.24261218500032555	8978432
572	tests/uuf100-430/uuf100-0993.cnf	false	0.24230919	0.2426769200101262	9011200
573	tests/uuf100-430/uuf100-0393.cnf	false	0.242418692	0.24270336600602604	9019392
574	tests/uuf100-430/uuf100-0269.cnf	false	0.242494413	0.24302728899056092	8986624
575	tests/uuf100-430/uuf100-0917.cnf	false	0.242582233	0.24292751999746542	8945664
576	tests/uuf100-430/uuf100-0281.cnf	false	0.242698042	0.2430814409890445	9003008
577	tests/uuf100-430/uuf100-0702.cnf	false	0.242942894	0.2435982249880908	8949760
578	tests/uuf100-430/uuf100-0894.cnf	false	0.24295398	0.24333517799095716	8986624
579	tests/uuf100-430/uuf100-0670.cnf	false	0.242982057	0.24351584298710804	8933376
580	tests/uuf100-430/uuf100-0257.cnf	false	0.243157182	0.24372575398592744	8998912
581	tests/uuf100-430/uuf100-0583.cnf	false	0.243161302	0.24351256400404964	8953856
582	tests/uuf100-430/uuf100-0364.cnf	false	0.24316598	0.24344569600361865	8937472
583	tests/uuf100-430/uuf100-0385.cnf	false	0.243282605	0.24362785699486267	9056256
584	tests/uuf100-430/uuf100-0161.cnf	false	0.243432473	0.24375620399951003	8970240
585	tests/uuf100-430/uuf100-0846.cnf	false	0.243483338	0.2449508530116873	9035776
586	tests/uuf100-430/uuf100-0509.cnf	false	0.243501685	0.24422185600269586	8982528
587	tests/uuf100-430/uuf100-0586.cnf	false	0.243506624	0.2440722550090868	8945664
588	tests/uuf100-430/uuf100-0697.cnf	false	0.243546244	0.24390272400341928	8978432
589	tests/uuf100-430/uuf100-0416.cnf	false	0.243715398	0.264472705006483	8978432
590	tests/uuf100-430/uuf100-0289.cnf	false	0.243726865	0.2439893690025201	9015296
591	tests/uuf100-430/uuf100-0764.cnf	false	0.243993289	0.2443580760009354	9015296
592	tests/uuf100-430/uuf100-0220.cnf	false	0.244171574	0.24455672201293055	9023488
593	tests/uuf100-430/uuf100-0994.cnf	false	0.244409359	0.24491714299074374	9027584
594	tests/uuf100-430/uuf100-0318.cnf	false	0.24507706	0.2454535810102243	9031680
595	tests/uuf100-430/uuf100-0301.cnf	false	0.245638196	0.24603281199233606	8986624
596	tests/uuf100-430/uuf100-0545.cnf	false	0.245864268	0.24619551599607803	8978432
597	tests/uuf100-430/uuf100-0895.cnf	false	0.245921208	0.24619193600665312	8957952
598	tests/uuf100-430/uuf100-0270.cnf	false	0.246709696	0.24697767000179738	9023488
599	tests/uuf100-430/uuf100-0233.cnf	false	0.24676282	0.24738442699890584	9023488
600	tests/uuf100-430/uuf100-0881.cnf	false	0.246888873	0.247199464996811	8994816
601	tests/uuf100-430/uuf100-079.cnf	false	0.246927781	0.2477697319991421	8949760
602	tests/uuf100-430/uuf100-042.cnf	false	0.247579429	0.24800833100744057	8957952
603	tests/uuf100-430/uuf100-0524.cnf	false	0.247611474	0.24810669300495647	8957952
604	tests/uuf100-430/uuf100-0493.cnf	false	0.247651581	0.24803109100321308	9031680
605	tests/uuf100-430/uuf100-0675.cnf	false	0.247728237	0.24817880100454204	9027584
606	tests/uuf100-430/uuf100-0536.cnf	false	0.247885094	0.2483076450007502	9011200
607	tests/uuf100-430/uuf100-0751.cnf	false	0.248141719	0.2488071069965372	9048064
608	tests/uuf100-430/uuf100-0208.cnf	false	0.248233683	0.24861269899702165	9015296
609	tests/uuf100-430/uuf100-0682.cnf	false	0.248275471	0.24871025400352664	9031680
610	tests/uuf100-430/uuf100-0585.cnf	false	0.248374722	0.24868998301099055	8966144
611	tests/uuf100-430/uuf100-0604.cnf	false	0.248716412	0.24903451900172513	8957952
612	tests/uuf100-430/uuf100-0818.cnf	false	0.248892844	0.24962750800477806	9031680
613	tests/uuf100-430/uuf100-0817.cnf	false	0.248954599	0.24949742799799424	8937472
614	tests/uuf100-430/uuf100-099.cnf	false	0.249095483	0.2684762989956653	8962048
615	tests/uuf100-430/uuf100-0502.cnf	false	0.249128326	0.24962676499853842	9031680
616	tests/uuf100-430/uuf100-0539.cnf	false	0.249247421	0.24964065600943286	8994816
617	tests/uuf100-430/uuf100-0609.cnf	false	0.249289509	0.24960004100285005	9035776
618	tests/uuf100-430/uuf100-0978.cnf	false	0.249381723	0.2497492999973474	8941568
619	tests/uuf100-430/uuf100-0677.cnf	false	0.249655608	0.250128746003611	9007104
620	tests/uuf100-430/uuf100-0192.cnf	false	0.249700389	0.2503262209938839	8933376
621	tests/uuf100-430/uuf100-0515.cnf	false	0.250029327	0.2503751000040211	9019392
622	tests/uuf100-430/uuf100-0717.cnf	false	0.25018026	0.2504471940046642	9015296
623	tests/uuf100-430/uuf100-0836.cnf	false	0.250185728	0.25047434399311896	9015296
624	tests/uuf100-430/uuf100-0523.cnf	false	0.250191406	0.2508463519916404	9023488
625	tests/uuf100-430/uuf100-0612.cnf	false	0.250238263	0.250472047002404	9031680
626	tests/uuf100-430/uuf100-0139.cnf	false	0.250261187	0.251057094996213	8990720
627	tests/uuf100-430/uuf100-0706.cnf	false	0.250438333	0.2508017889922485	9031680
628	tests/uuf100-430/uuf100-0397.cnf	false	0.251148527	0.25319807000050787	9027584
629	tests/uuf100-430/uuf100-0388.cnf	false	0.251581262	0.25190350200864486	9035776
630	tests/uuf100-430/uuf100-0352.cnf	false	0.251928967	0.25217456099926494	9019392
631	tests/uuf100-430/uuf100-0935.cnf	false	0.25269235	0.25309608298994135	9003008
632	tests/uuf100-430/uuf100-0617.cnf	false	0.253022059	0.2533441639970988	9019392
633	tests/uuf100-430/uuf100-0171.cnf	false	0.253338238	0.25364711599831935	9035776
634	tests/uuf100-430/uuf100-0120.cnf	false	0.253389601	0.2537083860079292	9023488
635	tests/uuf100-430/uuf100-0519.cnf	false	0.253580717	0.2542246590019204	8933376
636	tests/uuf100-430/uuf100-0793.cnf	false	0.253676986	0.25394886900903657	8970240
637	tests/uuf100-430/uuf100-0298.cnf	false	0.254245222	0.25477442900591996	8986624
638	tests/uuf100-430/uuf100-063.cnf	false	0.254279777	0.2546470479865093	8994816
639	tests/uuf100-430/uuf100-0302.cnf	false	0.254333379	0.2550809569947887	9011200
640	tests/uuf100-430/uuf100-0988.cnf	false	0.254435013	0.25473760499153286	8994816
641	tests/uuf100-430/uuf100-0809.cnf	false	0.254647968	0.2552732420008397	9035776
642	tests/uuf100-430/uuf100-0734.cnf	false	0.254854922	0.2555865089962026	9019392
643	tests/uuf100-430/uuf100-0992.cnf	false	0.255216232	0.2555590029951418	9015296
644	tests/uuf100-430/uuf100-0189.cnf	false	0.25541095	0.2671449500048766	9031680
645	tests/uuf100-430/uuf100-0728.cnf	false	0.255697034	0.25632388099620584	8986624
646	tests/uuf100-430/uuf100-0852.cnf	false	0.255702512	0.25649878100375645	8978432
647	tests/uuf100-430/uuf100-0228.cnf	false	0.256005859	0.2564780180109665	9019392
648	tests/uuf100-430/uuf100-0376.cnf	false	0.256133363	0.256871185003547	9027584
649	tests/uuf100-430/uuf100-0341.cnf	false	0.256310026	0.2568899930047337	8998912
650	tests/uuf100-430/uuf100-0544.cnf	false	0.256641236	0.2573437140090391	8966144
651	tests/uuf100-430/uuf100-0884.cnf	false	0.256683597	0.2580675260105636	8949760
652	tests/uuf100-430/uuf100-0282.cnf	false	0.256851022	0.2573669080011314	9019392
653	tests/uuf100-430/uuf100-0705.cnf	false	0.25696668	0.257504015986342	9015296
654	tests/uuf100-430/uuf100-0190.cnf	false	0.257153664	0.25755920899973717	8949760
655	tests/uuf100-430/uuf100-0614.cnf	false	0.257195867	0.25764241100114305	9031680
656	tests/uuf100-430/uuf100-048.cnf	false	0.257464275	0.2582312099984847	8933376
657	tests/uuf100-430/uuf100-0216.cnf	false	0.257471517	0.25772669100842904	8982528
658	tests/uuf100-430/uuf100-0423.cnf	false	0.257519453	0.258136383999954	8957952
659	tests/uuf100-430/uuf100-0974.cnf	false	0.257662787	0.25794928800314665	8998912
660	tests/uuf100-430/uuf100-0845.cnf	false	0.257694273	0.25803701899712905	8949760
661	tests/uuf100-430/uuf100-0991.cnf	false	0.25781374	0.25857660299516283	8974336
662	tests/uuf100-430/uuf100-0137.cnf	false	0.258445226	0.25875586399342865	9023488
663	tests/uuf100-430/uuf100-0680.cnf	false	0.258517682	0.25915714900474995	8974336
664	tests/uuf100-430/uuf100-0495.cnf	false	0.258531676	0.2590282210003352	8921088
665	tests/uuf100-430/uuf100-0323.cnf	false	0.258663445	0.2590635360102169	8933376
666	tests/uuf100-430/uuf100-0779.cnf	false	0.258848842	0.2591728179977508	9015296
667	tests/uuf100-430/uuf100-0451.cnf	false	0.259088018	0.25946243799990043	9035776
668	tests/uuf100-430/uuf100-020.cnf	false	0.25940043	0.2597168960055569	8998912
669	tests/uuf100-430/uuf100-0508.cnf	false	0.259451056	0.2613590010005282	9011200
670	tests/uuf100-430/uuf100-052.cnf	false	0.259772979	0.2601955790014472	9031680
671	tests/uuf100-430/uuf100-0128.cnf	false	0.260116749	0.26040569800534286	9019392
672	tests/uuf100-430/uuf100-0347.cnf	false	0.260227417	0.26051693699264433	8978432
673	tests/uuf100-430/uuf100-0703.cnf	false	0.260661658	0.26141985900176223	9048064
674	tests/uuf100-430/uuf100-0795.cnf	false	0.260814309	0.27014574100030586	9023488
675	tests/uuf100-430/uuf100-0151.cnf	false	0.261796989	0.2718159809883218	8994816
676	tests/uuf100-430/uuf100-0861.cnf	false	0.261949303	0.2622801279940177	9039872
677	tests/uuf100-430/uuf100-0752.cnf	false	0.262366384	0.26276338000025135	8978432
678	tests/uuf100-430/uuf100-0737.cnf	false	0.263174556	0.2635585120005999	9031680
679	tests/uuf100-430/uuf100-0296.cnf	false	0.263256982	0.263677798997378	9031680
680	tests/uuf100-430/uuf100-0555.cnf	false	0.263887776	0.26463004300603643	8957952
681	tests/uuf100-430/uuf100-0584.cnf	false	0.263895999	0.264209540997399	8953856
682	tests/uuf100-430/uuf100-0225.cnf	false	0.263939492	0.26458352099871263	9015296
683	tests/uuf100-430/uuf100-0331.cnf	false	0.264155499	0.2647024949983461	9023488
684	tests/uuf100-430/uuf100-0111.cnf	false	0.264531239	0.2648458699986804	9015296
685	tests/uuf100-430/uuf100-0903.cnf	false	0.264729961	0.2650401669961866	9019392
686	tests/uuf100-430/uuf100-0726.cnf	false	0.264835378	0.26553612800489645	8966144
687	tests/uuf100-430/uuf100-085.cnf	false	0.264907294	0.2654864770011045	9043968
688	tests/uuf100-430/uuf100-0518.cnf	false	0.265159702	0.2654889959958382	9007104
689	tests/uuf100-430/uuf100-0897.cnf	false	0.265173649	0.2656103049957892	8962048
690	tests/uuf100-430/uuf100-0365.cnf	false	0.265179737	0.26600766798947006	8986624
691	tests/uuf100-430/uuf100-0214.cnf	false	0.265218023	0.2656095239944989	8970240
692	tests/uuf100-430/uuf100-015.cnf	false	0.265259714	0.26555615599500015	8978432
693	tests/uuf100-430/uuf100-0381.cnf	false	0.265294602	0.2656656750041293	9011200
694	tests/uuf100-430/uuf100-0191.cnf	false	0.265318328	0.26571495601092465	9031680
695	tests/uuf100-430/uuf100-0463.cnf	false	0.265466891	0.2663540249923244	8982528
696	tests/uuf100-430/uuf100-057.cnf	false	0.265695695	0.26591062398802023	9031680
697	tests/uuf100-430/uuf100-04.cnf	false	0.265915362	0.2662374789942987	8966144
698	tests/uuf100-430/uuf100-0384.cnf	false	0.265919578	0.2673753019917058	8990720
699	tests/uuf100-430/uuf100-027.cnf	false	0.265996831	0.26627211199956946	9039872
700	tests/uuf100-430/uuf100-0160.cnf	false	0.266513051	0.2668828859896166	8925184
701	tests/uuf100-430/uuf100-0879.cnf	false	0.266524638	0.2668105769989779	9019392
702	tests/uuf100-430/uuf100-0319.cnf	false	0.266649213	0.2681644699914614	8953856
703	tests/uuf100-430/uuf100-0148.cnf	false	0.267099366	0.267397780000465	8986624
704	tests/uuf100-430/uuf100-0299.cnf	false	0.267703262	0.2682995039940579	9003008
705	tests/uuf100-430/uuf100-0591.cnf	false	0.267809679	0.26816374600457493	9011200
706	tests/uuf100-430/uuf100-0107.cnf	false	0.268199134	0.2689334919996327	9003008
707	tests/uuf100-430/uuf100-0878.cnf	false	0.26829324	0.26852400798816234	8966144
708	tests/uuf100-430/uuf100-0851.cnf	false	0.268332953	0.2691018940095091	8970240
709	tests/uuf100-430/uuf100-0442.cnf	false	0.268387215	0.27952421200461686	9031680
710	tests/uuf100-430/uuf100-075.cnf	false	0.268452287	0.26872678799554706	9023488
711	tests/uuf100-430/uuf100-0788.cnf	false	0.268560771	0.2689122689916985	8974336
712	tests/uuf100-430/uuf100-0486.cnf	false	0.268858245	0.2694006709934911	9031680
713	tests/uuf100-430/uuf100-0206.cnf	false	0.269391411	0.2699327970040031	8957952
714	tests/uuf100-430/uuf100-0420.cnf	false	0.269717422	0.26999111600161996	8925184
715	tests/uuf100-430/uuf100-0707.cnf	false	0.269761724	0.2971062709984835	9015296
716	tests/uuf100-430/uuf100-071.cnf	false	0.269867057	0.27022271099849604	9019392
717	tests/uuf100-430/uuf100-0753.cnf	false	0.270047098	0.2704774179874221	8966144
718	tests/uuf100-430/uuf100-084.cnf	false	0.270232887	0.27050988099654205	8998912
719	tests/uuf100-430/uuf100-0857.cnf	false	0.270932502	0.27122466400032863	8982528
720	tests/uuf100-430/uuf100-033.cnf	false	0.271496672	0.2718540269997902	8953856
721	tests/uuf100-430/uuf100-0797.cnf	false	0.271811477	0.27222386399807874	8990720
722	tests/uuf100-430/uuf100-0249.cnf	false	0.272341361	0.27269929299654905	9039872
723	tests/uuf100-430/uuf100-0683.cnf	false	0.27251408	0.2728991740004858	9015296
724	tests/uuf100-430/uuf100-0185.cnf	false	0.272529506	0.2728467300039483	8974336
725	tests/uuf100-430/uuf100-0350.cnf	false	0.272698145	0.27348580199759454	8998912
726	tests/uuf100-430/uuf100-0531.cnf	false	0.272843131	0.273403393002809	8949760
727	tests/uuf100-430/uuf100-0395.cnf	false	0.273934232	0.27441328500572126	9027584
728	tests/uuf100-430/uuf100-0180.cnf	false	0.274081957	0.2747791799920378	8998912
729	tests/uuf100-430/uuf100-0304.cnf	false	0.274340313	0.2747546549944673	8962048
730	tests/uuf100-430/uuf100-0602.cnf	false	0.274356073	0.2749811130051967	9031680
731	tests/uuf100-430/uuf100-0297.cnf	false	0.274618597	0.275290796009358	9015296
732	tests/uuf100-430/uuf100-0672.cnf	false	0.274622615	0.27500361199781764	8945664
733	tests/uuf100-430/uuf100-086.cnf	false	0.274984939	0.2754793210042408	9023488
734	tests/uuf100-430/uuf100-0987.cnf	false	0.274995681	0.2757206059905002	9007104
735	tests/uuf100-430/uuf100-0444.cnf	false	0.275888344	0.27812594299030025	9031680
736	tests/uuf100-430/uuf100-0865.cnf	false	0.276086627	0.27641971300181467	9019392
737	tests/uuf100-430/uuf100-0315.cnf	false	0.276538231	0.2769088310014922	8970240
738	tests/uuf100-430/uuf100-0202.cnf	false	0.276542735	0.27694458900077734	9003008
739	tests/uuf100-430/uuf100-0569.cnf	false	0.276545999	0.27706848400703166	9043968
740	tests/uuf100-430/uuf100-0859.cnf	false	0.276621924	0.2768907689896878	8974336
741	tests/uuf100-430/uuf100-0975.cnf	false	0.277008375	0.27736640500370413	8994816
742	tests/uuf100-430/uuf100-0200.cnf	false	0.277034031	0.2773061969928676	9035776
743	tests/uuf100-430/uuf100-0735.cnf	false	0.277223077	0.27747815899783745	9027584
744	tests/uuf100-430/uuf100-0790.cnf	false	0.277794102	0.2783336349966703	8990720
745	tests/uuf100-430/uuf100-0934.cnf	false	0.278028654	0.2784583519969601	8986624
746	tests/uuf100-430/uuf100-0658.cnf	false	0.278051506	0.2784389800071949	9023488
747	tests/uuf100-430/uuf100-0570.cnf	false	0.278132788	0.27882898099778686	8998912
748	tests/uuf100-430/uuf100-0517.cnf	false	0.278235407	0.27865521700005047	9039872
749	tests/uuf100-430/uuf100-0557.cnf	false	0.27846788	0.2794071700045606	9011200
750	tests/uuf100-430/uuf100-0266.cnf	false	0.279207414	0.27946510999754537	9027584
751	tests/uuf100-430/uuf100-0143.cnf	false	0.279474108	0.2797212620062055	9023488
752	tests/uuf100-430/uuf100-010.cnf	false	0.279644089	0.28016950500023086	8941568
753	tests/uuf100-430/uuf100-0103.cnf	false	0.279996827	0.2813798150018556	8990720
754	tests/uuf100-430/uuf100-0460.cnf	false	0.280186719	0.2808776919991942	8978432
755	tests/uuf100-430/uuf100-0426.cnf	false	0.280218027	0.28065138901001774	8986624
756	tests/uuf100-430/uuf100-0292.cnf	false	0.280443132	0.28098863900231663	8986624
757	tests/uuf100-430/uuf100-0483.cnf	false	0.280633043	0.2810810369992396	8986624
758	tests/uuf100-430/uuf100-0117.cnf	false	0.280718448	0.2810173769976245	9023488
759	tests/uuf100-430/uuf100-0574.cnf	false	0.28074152	0.28132537900819443	8941568
760	tests/uuf100-430/uuf100-0597.cnf	false	0.28139831	0.2816485310031567	8994816
761	tests/uuf100-430/uuf100-0527.cnf	false	0.281736476	0.2820855679892702	9015296
762	tests/uuf100-430/uuf100-0653.cnf	false	0.281745412	0.2820169180049561	8970240
763	tests/uuf100-430/uuf100-0649.cnf	false	0.281942842	0.2824173019907903	8994816
764	tests/uuf100-430/uuf100-0872.cnf	false	0.282095139	0.28371614299248904	9052160
765	tests/uuf100-430/uuf100-0839.cnf	false	0.282342038	0.28308165300404653	9007104
766	tests/uuf100-430/uuf100-0178.cnf	false	0.282591126	0.2833552289957879	9027584
767	tests/uuf100-430/uuf100-0163.cnf	false	0.282827964	0.28328941999643575	9043968
768	tests/uuf100-430/uuf100-089.cnf	false	0.282873437	0.2831575599993812	8957952
769	tests/uuf100-430/uuf100-0466.cnf	false	0.282889097	0.28323795599862933	8994816
770	tests/uuf100-430/uuf100-0873.cnf	false	0.283017767	0.28333883099548984	9007104
771	tests/uuf100-430/uuf100-0245.cnf	false	0.283482621	0.2838909970014356	9015296
772	tests/uuf100-430/uuf100-0145.cnf	false	0.283516369	0.28415633300028276	8966144
773	tests/uuf100-430/uuf100-067.cnf	false	0.283588388	0.28404577999026515	9027584
774	tests/uuf100-430/uuf100-0175.cnf	false	0.283888049	0.2845695839932887	8945664
775	tests/uuf100-430/uuf100-068.cnf	false	0.284165205	0.2845925420115236	9023488
776	tests/uuf100-430/uuf100-0922.cnf	false	0.284272763	0.284571470998344	8970240
777	tests/uuf100-430/uuf100-0326.cnf	false	0.284596214	0.28494012499868404	9015296
778	tests/uuf100-430/uuf100-0157.cnf	false	0.284858274	0.2853668470052071	8953856
779	tests/uuf100-430/uuf100-016.cnf	false	0.284897083	0.28566597499593627	8994816
780	tests/uuf100-430/uuf100-0663.cnf	false	0.284911936	0.28529212399735115	8998912
781	tests/uuf100-430/uuf100-0209.cnf	false	0.28500887	0.28533041800255887	9011200
782	tests/uuf100-430/uuf100-0367.cnf	false	0.285343611	0.28578769200248644	9027584
783	tests/uuf100-430/uuf100-0693.cnf	false	0.285537366	0.28587414900539443	9003008
784	tests/uuf100-430/uuf100-0201.cnf	false	0.285816821	0.2883268459991086	8962048
785	tests/uuf100-430/uuf100-0864.cnf	false	0.285952759	0.2867782410030486	9019392
786	tests/uuf100-430/uuf100-0650.cnf	false	0.286642552	0.2871352219954133	8957952
787	tests/uuf100-430/uuf100-0624.cnf	false	0.286808532	0.2870262259966694	8994816
788	tests/uuf100-430/uuf100-0290.cnf	false	0.287741013	0.2880249640002148	9027584
789	tests/uuf100-430/uuf100-096.cnf	false	0.288097104	0.2883423080056673	9015296
790	tests/uuf100-430/uuf100-036.cnf	false	0.288494561	0.28912398000829853	8974336
791	tests/uuf100-430/uuf100-0730.cnf	false	0.288603441	0.28901576600037515	8982528
792	tests/uuf100-430/uuf100-0467.cnf	false	0.288671999	0.289003871002933	8953856
793	tests/uuf100-430/uuf100-070.cnf	false	0.289073128	0.2895244349929271	9039872
794	tests/uuf100-430/uuf100-0562.cnf	false	0.289235121	0.2896818040026119	8990720
795	tests/uuf100-430/uuf100-0862.cnf	false	0.289687585	0.29003721399931237	9019392
796	tests/uuf100-430/uuf100-0434.cnf	false	0.290338746	0.2906528680032352	8986624
797	tests/uuf100-430/uuf100-0835.cnf	false	0.290348199	0.2906848090060521	8994816
798	tests/uuf100-430/uuf100-023.cnf	false	0.290954189	0.2917374409880722	9031680
799	tests/uuf100-430/uuf100-0285.cnf	false	0.290964594	0.29129811900202185	9064448
800	tests/uuf100-430/uuf100-0766.cnf	false	0.291101282	0.29132382600801066	9031680
801	tests/uuf100-430/uuf100-0322.cnf	false	0.291261421	0.2915931070019724	9015296
802	tests/uuf100-430/uuf100-021.cnf	false	0.291770995	0.2920751810015645	9023488
803	tests/uuf100-430/uuf100-0353.cnf	false	0.292436258	0.29284631898917723	8982528
804	tests/uuf100-430/uuf100-0688.cnf	false	0.292487843	0.2928708269901108	8974336
805	tests/uuf100-430/uuf100-0941.cnf	false	0.292773347	0.293871793008293	8941568
806	tests/uuf100-430/uuf100-0188.cnf	false	0.292975095	0.2933092099992791	8978432
807	tests/uuf100-430/uuf100-0729.cnf	false	0.293083688	0.29363928400562145	9039872
808	tests/uuf100-430/uuf100-0646.cnf	false	0.293344352	0.2944733710028231	8998912
809	tests/uuf100-430/uuf100-091.cnf	false	0.293405174	0.2936610570031917	8974336
810	tests/uuf100-430/uuf100-0823.cnf	false	0.293642806	0.2944017400004668	9035776
811	tests/uuf100-430/uuf100-0521.cnf	false	0.293900638	0.2944683259993326	9035776
812	tests/uuf100-430/uuf100-0494.cnf	false	0.294014242	0.2943507790041622	8941568
813	tests/uuf100-430/uuf100-0452.cnf	false	0.294310604	0.29469838000659365	8982528
814	tests/uuf100-430/uuf100-0421.cnf	false	0.294445377	0.29483510700811166	8949760
815	tests/uuf100-430/uuf100-095.cnf	false	0.29460613	0.2951831050013425	9011200
816	tests/uuf100-430/uuf100-0799.cnf	false	0.294750818	0.2952425499970559	9015296
817	tests/uuf100-430/uuf100-0207.cnf	false	0.295163261	0.2959053769882303	8953856
818	tests/uuf100-430/uuf100-0556.cnf	false	0.296104052	0.29655773600097746	8986624
819	tests/uuf100-430/uuf100-0314.cnf	false	0.29677321	0.2972109780093888	9035776
820	tests/uuf100-430/uuf100-0357.cnf	false	0.29796073	0.2986689199897228	8957952
821	tests/uuf100-430/uuf100-024.cnf	false	0.2979944	0.29864973899384495	9015296
822	tests/uuf100-430/uuf100-045.cnf	false	0.298303237	0.29900987599103246	8982528
823	tests/uuf100-430/uuf100-0937.cnf	false	0.298607525	0.29923841399431694	8933376
824	tests/uuf100-430/uuf100-0763.cnf	false	0.299208073	0.2995706630026689	9011200
825	tests/uuf100-430/uuf100-047.cnf	false	0.30044444	0.3010669909999706	9035776
826	tests/uuf100-430/uuf100-0622.cnf	false	0.301478106	0.30181626600096934	9027584
827	tests/uuf100-430/uuf100-0488.cnf	false	0.301714477	0.30201510999177117	8945664
828	tests/uuf100-430/uuf100-0487.cnf	false	0.301832832	0.3020815789932385	8998912
829	tests/uuf100-430/uuf100-0267.cnf	false	0.301894503	0.30241419799858704	9023488
830	tests/uuf100-430/uuf100-0530.cnf	false	0.301959512	0.3051305639964994	8986624
831	tests/uuf100-430/uuf100-0490.cnf	false	0.302276106	0.3025920140062226	8994816
832	tests/uuf100-430/uuf100-0758.cnf	false	0.303191041	0.3034632939961739	9023488
833	tests/uuf100-430/uuf100-011.cnf	false	0.30343486	0.31754104800347704	9019392
834	tests/uuf100-430/uuf100-0746.cnf	false	0.303533381	0.3038730940024834	8966144
835	tests/uuf100-430/uuf100-0607.cnf	false	0.303650612	0.30424678200506605	9023488
836	tests/uuf100-430/uuf100-0798.cnf	false	0.304012775	0.30433822399936616	8945664
837	tests/uuf100-430/uuf100-0542.cnf	false	0.304299828	0.30486801399092656	9031680
838	tests/uuf100-430/uuf100-0172.cnf	false	0.30437141	0.3048052290105261	9031680
839	tests/uuf100-430/uuf100-0264.cnf	false	0.305293982	0.3060312189918477	8953856
840	tests/uuf100-430/uuf100-0231.cnf	false	0.30556518	0.3066611579997698	8962048
841	tests/uuf100-430/uuf100-0620.cnf	false	0.306204076	0.3072796000051312	9023488
842	tests/uuf100-430/uuf100-0368.cnf	false	0.306459213	0.30679094899096526	9007104
843	tests/uuf100-430/uuf100-0432.cnf	false	0.30651392	0.3071839930053102	8970240
844	tests/uuf100-430/uuf100-0560.cnf	false	0.306580155	0.3070212199963862	8941568
845	tests/uuf100-430/uuf100-0825.cnf	false	0.306715235	0.30718962200626265	8945664
846	tests/uuf100-430/uuf100-0255.cnf	false	0.306884825	0.31146296799124684	9031680
847	tests/uuf100-430/uuf100-0774.cnf	false	0.307353423	0.30847074699704535	8945664
848	tests/uuf100-430/uuf100-0481.cnf	false	0.308727782	0.3093695619900245	8978432
849	tests/uuf100-430/uuf100-0720.cnf	false	0.308777453	0.309035116006271	9027584
850	tests/uuf100-430/uuf100-0616.cnf	false	0.308876397	0.3093985640007304	8982528
851	tests/uuf100-430/uuf100-0660.cnf	false	0.309755235	0.31021119200158864	9027584
852	tests/uuf100-430/uuf100-0968.cnf	false	0.309793831	0.31020439199346583	8970240
853	tests/uuf100-430/uuf100-0238.cnf	false	0.310053228	0.31040453299647197	9023488
854	tests/uuf100-430/uuf100-0335.cnf	false	0.311230169	0.3118802679964574	8957952
855	tests/uuf100-430/uuf100-0535.cnf	false	0.31145112	0.31171894998988137	9011200
856	tests/uuf100-430/uuf100-0899.cnf	false	0.312085174	0.31295989800128154	9019392
857	tests/uuf100-430/uuf100-0709.cnf	false	0.312364009	0.31280467500619125	9015296
858	tests/uuf100-430/uuf100-0514.cnf	false	0.312715265	0.31302877599955536	9003008
859	tests/uuf100-430/uuf100-0324.cnf	false	0.313356719	0.3140908389905235	8998912
860	tests/uuf100-430/uuf100-0971.cnf	false	0.313377401	0.3139528190076817	9039872
861	tests/uuf100-430/uuf100-0278.cnf	false	0.313460361	0.31383325600472745	9031680
862	tests/uuf100-430/uuf100-0855.cnf	false	0.313678919	0.3140576540026814	9056256
863	tests/uuf100-430/uuf100-0438.cnf	false	0.314306384	0.3147027749946574	8962048
864	tests/uuf100-430/uuf100-0866.cnf	false	0.315289883	0.3156080750050023	8982528
865	tests/uuf100-430/uuf100-0346.cnf	false	0.316214127	0.3164860469987616	9027584
866	tests/uuf100-430/uuf100-0102.cnf	false	0.317353208	0.3177386310126167	9023488
867	tests/uuf100-430/uuf100-0926.cnf	false	0.317828826	0.3180235039908439	9015296
868	tests/uuf100-430/uuf100-0831.cnf	false	0.317893116	0.318183333001798	9019392
869	tests/uuf100-430/uuf100-0132.cnf	false	0.318761098	0.31934163499681745	9019392
870	tests/uuf100-430/uuf100-0333.cnf	false	0.319674585	0.320250697011943	8986624
871	tests/uuf100-430/uuf100-0824.cnf	false	0.319774892	0.32051345700165257	9015296
872	tests/uuf100-430/uuf100-074.cnf	false	0.319873863	0.3202144750102889	9035776
873	tests/uuf100-430/uuf100-0396.cnf	false	0.320711617	0.32101286700344644	8986624
874	tests/uuf100-430/uuf100-0227.cnf	false	0.321180367	0.32165367499692366	8933376
875	tests/uuf100-430/uuf100-0373.cnf	false	0.321452536	0.3217928119993303	8974336
876	tests/uuf100-430/uuf100-0186.cnf	false	0.322275568	0.32264230500732083	9031680
877	tests/uuf100-430/uuf100-0719.cnf	false	0.322955495	0.3236311509972438	8945664
878	tests/uuf100-430/uuf100-0205.cnf	false	0.323110972	0.32400760499876924	9019392
879	tests/uuf100-430/uuf100-0222.cnf	false	0.323332591	0.3236498440091964	8953856
880	tests/uuf100-430/uuf100-0129.cnf	false	0.323519831	0.32416424600523897	8966144
881	tests/uuf100-430/uuf100-0259.cnf	false	0.324466963	0.3249043669929961	8949760
882	tests/uuf100-430/uuf100-0356.cnf	false	0.324487448	0.3251093050057534	9011200
883	tests/uuf100-430/uuf100-0405.cnf	false	0.325384631	0.3256740259967046	9023488
884	tests/uuf100-430/uuf100-093.cnf	false	0.326556135	0.3268992449884536	9023488
885	tests/uuf100-430/uuf100-0960.cnf	false	0.326723506	0.3273298319982132	9015296
886	tests/uuf100-430/uuf100-0796.cnf	false	0.32697194	0.3276241830026265	9015296
887	tests/uuf100-430/uuf100-0571.cnf	false	0.327110016	0.327392740000505	8974336
888	tests/uuf100-430/uuf100-0168.cnf	false	0.327226415	0.3275103640044108	8982528
889	tests/uuf100-430/uuf100-0563.cnf	false	0.327697688	0.3280209289951017	8982528
890	tests/uuf100-430/uuf100-0757.cnf	false	0.328114995	0.3284539529995527	9015296
891	tests/uuf100-430/uuf100-0893.cnf	false	0.328399657	0.3287244380044285	8974336
892	tests/uuf100-430/uuf100-080.cnf	false	0.329881497	0.33083798800362274	9015296
893	tests/uuf100-430/uuf100-0547.cnf	false	0.330181513	0.3306253400078276	9043968
894	tests/uuf100-430/uuf100-0221.cnf	false	0.331098149	0.3314666989899706	9019392
895	tests/uuf100-430/uuf100-0853.cnf	false	0.331598675	0.33193675999064	9019392
896	tests/uuf100-430/uuf100-03.cnf	false	0.331767268	0.3320984519959893	8986624
897	tests/uuf100-430/uuf100-0800.cnf	false	0.332085431	0.33272696800122503	8974336
898	tests/uuf100-430/uuf100-0843.cnf	false	0.332755457	0.333149420999689	9019392
899	tests/uuf100-430/uuf100-0950.cnf	false	0.332891529	0.33403053000802174	8953856
900	tests/uuf100-430/uuf100-0932.cnf	false	0.333590019	0.33394685400708113	9031680
901	tests/uuf100-430/uuf100-0413.cnf	false	0.334515474	0.33486627900856547	8949760
902	tests/uuf100-430/uuf100-0140.cnf	false	0.335170164	0.3358069749956485	9019392
903	tests/uuf100-430/uuf100-0507.cnf	false	0.335560842	0.3360864049900556	9039872
904	tests/uuf100-430/uuf100-0248.cnf	false	0.336784123	0.33706670500396285	9019392
905	tests/uuf100-430/uuf100-0739.cnf	false	0.336993759	0.3373171290004393	8982528
906	tests/uuf100-430/uuf100-0927.cnf	false	0.338327042	0.33900240299408324	8990720
907	tests/uuf100-430/uuf100-0418.cnf	false	0.338572041	0.3389223580015823	8982528
908	tests/uuf100-430/uuf100-0541.cnf	false	0.338893107	0.3396094490017276	8986624
909	tests/uuf100-430/uuf100-0713.cnf	false	0.339975344	0.34033313499821816	8978432
910	tests/uuf100-430/uuf100-0234.cnf	false	0.341996617	0.3423607659933623	8982528
911	tests/uuf100-430/uuf100-0807.cnf	false	0.344001956	0.3443973819958046	8929280
912	tests/uuf100-430/uuf100-0892.cnf	false	0.345859573	0.3461893339990638	9027584
913	tests/uuf100-430/uuf100-0944.cnf	false	0.34812397	0.34898395399795845	9048064
914	tests/uuf100-430/uuf100-0880.cnf	false	0.350120453	0.35121613599767443	9031680
915	tests/uuf100-430/uuf100-0959.cnf	false	0.35050158	0.3511945499922149	9011200
916	tests/uuf100-430/uuf100-0595.cnf	false	0.351215426	0.3566097750008339	8966144
917	tests/uuf100-430/uuf100-0498.cnf	false	0.351688324	0.3519638709985884	9019392
918	tests/uuf100-430/uuf100-0115.cnf	false	0.352132572	0.3543917410133872	8945664
919	tests/uuf100-430/uuf100-0123.cnf	false	0.352891407	0.3535906080069253	9052160
920	tests/uuf100-430/uuf100-0265.cnf	false	0.353751874	0.3546231539949076	9015296
921	tests/uuf100-430/uuf100-0976.cnf	false	0.357066362	0.35758511000312865	9031680
922	tests/uuf100-430/uuf100-0511.cnf	false	0.357282	0.35764518201176543	8990720
923	tests/uuf100-430/uuf100-0402.cnf	false	0.358617564	0.3598851380083943	9019392
924	tests/uuf100-430/uuf100-0613.cnf	false	0.358845367	0.35921553800289985	8945664
925	tests/uuf100-430/uuf100-0342.cnf	false	0.362609943	0.36399075800727587	9027584
926	tests/uuf100-430/uuf100-0294.cnf	false	0.363818051	0.36434486400685273	9043968
927	tests/uuf100-430/uuf100-0226.cnf	false	0.364723525	0.36524241699953564	8945664
928	tests/uuf100-430/uuf100-0664.cnf	false	0.364835286	0.3652498770097736	8966144
929	tests/uuf100-430/uuf100-0915.cnf	false	0.366198366	0.3672051769972313	8974336
930	tests/uuf100-430/uuf100-0254.cnf	false	0.367306832	0.37055783699906897	9007104
931	tests/uuf100-430/uuf100-0198.cnf	false	0.36791964	0.3683875200076727	9019392
932	tests/uuf100-430/uuf100-0933.cnf	false	0.368215937	0.3686392270028591	9043968
933	tests/uuf100-430/uuf100-0639.cnf	false	0.368365971	0.3691165549971629	9039872
934	tests/uuf100-430/uuf100-0654.cnf	false	0.368366567	0.36901475899503566	8945664
935	tests/uuf100-430/uuf100-0499.cnf	false	0.368610657	0.36897601300734095	8949760
936	tests/uuf100-430/uuf100-0212.cnf	false	0.36893302	0.3695221210073214	8986624
937	tests/uuf100-430/uuf100-061.cnf	false	0.370246284	0.3711913250008365	9015296
938	tests/uuf100-430/uuf100-0131.cnf	false	0.370609765	0.37109018699266016	9023488
939	tests/uuf100-430/uuf100-0224.cnf	false	0.37111147	0.37151832900417503	9023488
940	tests/uuf100-430/uuf100-0760.cnf	false	0.372582612	0.37337967999337707	9023488
941	tests/uuf100-430/uuf100-0312.cnf	false	0.372812439	0.3732006029895274	9011200
942	tests/uuf100-430/uuf100-0716.cnf	false	0.374133182	0.37467756899422966	9023488
943	tests/uuf100-430/uuf100-0293.cnf	false	0.375541192	0.375952137997956	9011200
944	tests/uuf100-430/uuf100-0156.cnf	false	0.375888739	0.3763341140002012	8949760
945	tests/uuf100-430/uuf100-0668.cnf	false	0.377277489	0.3775650070019765	8970240
946	tests/uuf100-430/uuf100-0241.cnf	false	0.377375766	0.37770373398961965	8994816
947	tests/uuf100-430/uuf100-0869.cnf	false	0.377439155	0.37775518400303554	9019392
948	tests/uuf100-430/uuf100-0982.cnf	false	0.377699406	0.37807282198627945	9023488
949	tests/uuf100-430/uuf100-0283.cnf	false	0.377956985	0.3783663209906081	9023488
950	tests/uuf100-430/uuf100-0767.cnf	false	0.378720759	0.3791549230081728	9027584
951	tests/uuf100-430/uuf100-0792.cnf	false	0.38581192	0.38620758800243493	8957952
952	tests/uuf100-430/uuf100-0812.cnf	false	0.386498071	0.3993403720087372	8970240
953	tests/uuf100-430/uuf100-097.cnf	false	0.388925471	0.3893393839971395	9003008
954	tests/uuf100-430/uuf100-0601.cnf	false	0.388936663	0.38974735599185806	9060352
955	tests/uuf100-430/uuf100-0370.cnf	false	0.39000035	0.3905786880059168	8925184
956	tests/uuf100-430/uuf100-0505.cnf	false	0.391266422	0.39177949099394027	8933376
957	tests/uuf100-430/uuf100-0258.cnf	false	0.391489547	0.3921004809963051	9043968
958	tests/uuf100-430/uuf100-0371.cnf	false	0.391934797	0.39229546100250445	9023488
959	tests/uuf100-430/uuf100-0888.cnf	false	0.394950982	0.3953583080001408	8974336
960	tests/uuf100-430/uuf100-0874.cnf	false	0.397511075	0.3979676300077699	9011200
961	tests/uuf100-430/uuf100-0665.cnf	false	0.399610117	0.4005488809925737	8957952
962	tests/uuf100-430/uuf100-025.cnf	false	0.399640054	0.40020515699870884	9027584
963	tests/uuf100-430/uuf100-0967.cnf	false	0.400762805	0.40119136599241756	9027584
964	tests/uuf100-430/uuf100-0902.cnf	false	0.404641161	0.4050256740010809	9015296
965	tests/uuf100-430/uuf100-0457.cnf	false	0.404929498	0.405229493000661	9019392
966	tests/uuf100-430/uuf100-0404.cnf	false	0.405049876	0.4056868729967391	9039872
967	tests/uuf100-430/uuf100-0738.cnf	false	0.407257877	0.40770061301009264	8986624
968	tests/uuf100-430/uuf100-0900.cnf	false	0.407551322	0.40783650599769317	8953856
969	tests/uuf100-430/uuf100-0440.cnf	false	0.408310796	0.4089737900067121	9027584
970	tests/uuf100-430/uuf100-0589.cnf	false	0.408900673	0.4092189319926547	9015296
971	tests/uuf100-430/uuf100-0771.cnf	false	0.41130351	0.41166646099009085	8998912
972	tests/uuf100-430/uuf100-0465.cnf	false	0.414022885	0.41445312200812623	8941568
973	tests/uuf100-430/uuf100-0287.cnf	false	0.417619519	0.41804278299969155	8962048
974	tests/uuf100-430/uuf100-0819.cnf	false	0.424907714	0.4252388750028331	9019392
975	tests/uuf100-430/uuf100-076.cnf	false	0.42624694	0.42659944300248753	8998912
976	tests/uuf100-430/uuf100-0187.cnf	false	0.426679673	0.42727725800068583	8990720
977	tests/uuf100-430/uuf100-0913.cnf	false	0.432261101	0.4333223470021039	8982528
978	tests/uuf100-430/uuf100-0615.cnf	false	0.433247981	0.4335036120028235	9023488
979	tests/uuf100-430/uuf100-0875.cnf	false	0.433740974	0.4344450130010955	9027584
980	tests/uuf100-430/uuf100-0538.cnf	false	0.434067107	0.43433672000537626	9003008
981	tests/uuf100-430/uuf100-0643.cnf	false	0.435225116	0.43568905399297364	8970240
982	tests/uuf100-430/uuf100-0747.cnf	false	0.439113868	0.4398749779938953	8998912
983	tests/uuf100-430/uuf100-087.cnf	false	0.441574063	0.44196235299750697	8990720
984	tests/uuf100-430/uuf100-0491.cnf	false	0.453742109	0.4545574779913295	9023488
985	tests/uuf100-430/uuf100-0378.cnf	false	0.454924295	0.4553090850095032	8945664
986	tests/uuf100-430/uuf100-0558.cnf	false	0.459384812	0.4599760129931383	9031680
987	tests/uuf100-430/uuf100-0138.cnf	false	0.460586393	0.4609082870010752	8978432
988	tests/uuf100-430/uuf100-0644.cnf	false	0.46387021	0.46422906299994793	9023488
989	tests/uuf100-430/uuf100-0659.cnf	false	0.466631128	0.4669367250025971	9027584
990	tests/uuf100-430/uuf100-0712.cnf	false	0.478880865	0.47952166700270027	9031680
991	tests/uuf100-430/uuf100-0939.cnf	false	0.479623454	0.48002330199233256	8998912
992	tests/uuf100-430/uuf100-0685.cnf	false	0.480738345	0.481186949997209	8986624
993	tests/uuf100-430/uuf100-0727.cnf	false	0.482992208	0.48334067600080743	9048064
994	tests/uuf100-430/uuf100-0673.cnf	false	0.505936159	0.5064888790075202	9011200
995	tests/uuf100-430/uuf100-0842.cnf	false	0.506452441	0.5068002159969183	8994816
996	tests/uuf100-430/uuf100-0484.cnf	false	0.512103885	0.5124187729961704	9019392
997	tests/uuf100-430/uuf100-0742.cnf	false	0.529573437	0.5299586939945584	8994816
998	tests/uuf100-430/uuf100-0306.cnf	false	0.574212317	0.5746887639979832	9015296
999	tests/uuf100-430/uuf100-0244.cnf	false	0.616586449	0.6170581189944642	9019392
1000	tests/uuf100-430/uuf100-0336.cnf	false	0.655439633	0.6557773429958615	8933376
